Gene_name,ORF_name
BNA7,YDR428C
DSE1,YER124C
ABF2,YMR072W
CTI6,YPL181W
SSL1,YLR005W
POP2,YNR052C
CAD1,YDR423C
SHC1,YER096W
RRT15,YLR162W-A
DSD1,YGL196W
ISC1,YER019W
VMA4,YOR332W
UBA2,YDR390C
GPX1,YKL026C
GIM4,YEL003W
TEP1,YNL128W
ILM1,YJR118C
MSI1,YBR195C
FAP7,YDL166C
ASH1,YKL185W
CIK1,YMR198W
ESA1,YOR244W
AFT2,YPL202C
ALK2,YBL009W
SAC1,YKL212W
ELO1,YJL196C
BUG1,YDL099W
DBP5,YOR046C
FMP25,YLR077W
OST6,YML019W
CDC34,YDR054C
PLM2,YDR501W
MAF1,YDR005C
UIP4,YPL186C
CSI2,YOL007C
SHY1,YGR112W
ERG11,YHR007C
HRB1,YNL004W
MEX67,YPL169C
FMP45,YDL222C
TBF1,YPL128C
ABZ1,YNR033W
SIS1,YNL007C
BIO4,YNR057C
BSC4,YNL269W
DST1,YGL043W
UBX5,YDR330W
HSF1,YGL073W
MEP1,YGR121C
PTC5,YOR090C
ADH3,YMR083W
PDI1,YCL043C
SNU13,YEL026W
CKB1,YGL019W
TUB4,YLR212C
VPS8,YAL002W
CDC11,YJR076C
HPT1,YDR399W
CAF130,YGR134W
SSU1,YPL092W
NCS6,YGL211W
TAF3,YPL011C
HPA3,YEL066W
GPI1,YGR216C
BUR6,YER159C
RPL15B,YMR121C
RIX7,YLL034C
SNC2,YOR327C
RRT8,YOL048C
RNR3,YIL066C
PRM6,YML047C
IFA38,YBR159W
PGU1,YJR153W
CHS5,YLR330W
ORM1,YGR038W
RNA14,YMR061W
MDL2,YPL270W
NOP58,YOR310C
EAF1,YDR359C
MED8,YBR193C
YAP1801,YHR161C
RTC4,YNL254C
VTC1,YER072W
KAP122,YGL016W
HSP42,YDR171W
VID24,YBR105C
PRP19,YLL036C
FLO8,YER109C
STE20,YHL007C
RRP7,YCL031C
JSN1,YJR091C
CDC123,YLR215C
PRD1,YCL057W
PIG1,YLR273C
FEN2,YCR028C
BXI1,YNL305C
LUC7,YDL087C
YGK3,YOL128C
PEX13,YLR191W
GDH2,YDL215C
SBE22,YHR103W
ANR2,YKL047W
VHR2,YER064C
NMD4,YLR363C
REX3,YLR107W
REV3,YPL167C
POL12,YBL035C
DPB11,YJL090C
RSC9,YML127W
YSA1,YBR111C
GPI11,YDR302W
MEP3,YPR138C
SOV1,YMR066W
RHO3,YIL118W
RPA43,YOR340C
IAH1,YOR126C
MRPL10,YNL284C
NOC2,YOR206W
SEC16,YPL085W
RTC3,YHR087W
DLD1,YDL174C
SOL4,YGR248W
MPS3,YJL019W
MSC3,YLR219W
PET111,YMR257C
MSB1,YOR188W
RAD34,YDR314C
TPP1,YMR156C
RIO2,YNL207W
RPA190,YOR341W
TEF2,YBR118W
ARO9,YHR137W
HO,YDL227C
HIP1,YGR191W
UFD4,YKL010C
SPO12,YHR152W
SDH4,YDR178W
CNE1,YAL058W
TGS1,YPL157W
PPG1,YNR032W
USB1,YLR132C
GCN5,YGR252W
MET7,YOR241W
MAD3,YJL013C
PET117,YER058W
DEF1,YKL054C
NKP1,YDR383C
EMI2,YDR516C
ARH1,YDR376W
UNG1,YML021C
ANB1,YJR047C
TFB4,YPR056W
RAD51,YER095W
FMP23,YBR047W
MRPS9,YBR146W
RUB1,YDR139C
NUD1,YOR373W
IME1,YJR094C
DIS3,YOL021C
ITC1,YGL133W
FIG1,YBR040W
SMB1,YER029C
YSF3,YNL138W-A
AIM4,YBR194W
RPS2,YGL123W
HKR1,YDR420W
BTS1,YPL069C
MEF2,YJL102W
MNN11,YJL183W
TFC6,YDR362C
IES4,YOR189W
YPT7,YML001W
DCG1,YIR030C
UTP11,YKL099C
PRP39,YML046W
TDA11,YHR159W
TDH3,YGR192C
LCB5,YLR260W
KHA1,YJL094C
HST1,YOL068C
IRC22,YEL001C
CYT1,YOR065W
MPS1,YDL028C
PRX1,YBL064C
TSC13,YDL015C
AIM45,YPR004C
SLD3,YGL113W
FUM1,YPL262W
SRT1,YMR101C
CDC33,YOL139C
MFG1,YDL233W
RPL41A,YDL184C
AIM22,YJL046W
RFT1,YBL020W
RPS3,YNL178W
KRE33,YNL132W
MCM7,YBR202W
CTR2,YHR175W
COX10,YPL172C
CHC1,YGL206C
CTF3,YLR381W
MCH1,YDL054C
MET10,YFR030W
CDC36,YDL165W
PDC2,YDR081C
STF2,YGR008C
KIP2,YPL155C
MDM34,YGL219C
PRP5,YBR237W
EFM3,YJR129C
OYE2,YHR179W
MRI1,YPR118W
CCT3,YJL014W
MMS22,YLR320W
ORC6,YHR118C
CLD1,YGR110W
ERV46,YAL042W
GCY1,YOR120W
RIB2,YOL066C
ALR1,YOL130W
RER1,YCL001W
FRE7,YOL152W
QRI5,YLR204W
RAD14,YMR201C
GSF2,YML048W
SET1,YHR119W
NUT2,YPR168W
APC9,YLR102C
TAH1,YCR060W
AGA2,YGL032C
NCE101,YJL205C
POS5,YPL188W
LSG1,YGL099W
ILV1,YER086W
RTT109,YLL002W
ECM9,YKR004C
SPT20,YOL148C
EST2,YLR318W
MET18,YIL128W
VFA1,YER128W
BCH2,YKR027W
HMS2,YJR147W
MAP2,YBL091C
SNL1,YIL016W
BNA6,YFR047C
BAG7,YOR134W
VPS9,YML097C
SYT1,YPR095C
NCA3,YJL116C
GAL1,YBR020W
YLF2,YHL014C
LAG2,YOL025W
ERG6,YML008C
DHH1,YDL160C
MRPL11,YDL202W
BNI5,YNL166C
GTR1,YML121W
LST8,YNL006W
FRT2,YAL028W
TDA3,YHR009C
PRO3,YER023W
MF(ALPHA)2,YGL089C
MDM32,YOR147W
PSP1,YDR505C
SEI1,YLR404W
PIS1,YPR113W
SPT14,YPL175W
KTR1,YOR099W
INP2,YMR163C
VMA3,YEL027W
RKM2,YDR198C
SRP68,YPL243W
SPO74,YGL170C
CRZ1,YNL027W
GTB1,YDR221W
PAM17,YKR065C
IMP4,YNL075W
MRPL20,YKR085C
TIM17,YJL143W
RKM5,YLR137W
EXG2,YDR261C
DAL7,YIR031C
TOF2,YKR010C
RPN6,YDL097C
HMO1,YDR174W
IRC24,YIR036C
PUG1,YER185W
HLJ1,YMR161W
SLX8,YER116C
NUP84,YDL116W
GPM2,YDL021W
RNR2,YJL026W
NSG2,YNL156C
COP1,YDL145C
WSC4,YHL028W
APD1,YBR151W
MET5,YJR137C
FAA3,YIL009W
RPL2B,YIL018W
PRM2,YIL037C
ASF2,YDL197C
SHE10,YGL228W
FKH1,YIL131C
GPH1,YPR160W
MSS18,YPR134W
MER1,YNL210W
RLF2,YPR018W
LHP1,YDL051W
EMC3,YKL207W
TRM11,YOL124C
HMG1,YML075C
NGR1,YBR212W
REC102,YLR329W
PDE1,YGL248W
DBP8,YHR169W
RPL19B,YBL027W
SWE1,YJL187C
SUL1,YBR294W
IES5,YER092W
CAB1,YDR531W
RCK2,YLR248W
MHT1,YLL062C
LDS2,YOL047C
HNT3,YOR258W
GOR1,YNL274C
DRS1,YLL008W
ATP14,YLR295C
APC1,YNL172W
TDA4,YJR116W
URC2,YDR520C
RFM1,YOR279C
GSH2,YOL049W
VPS74,YDR372C
DPH1,YIL103W
IZH3,YLR023C
LCL2,YLR104W
IZH4,YOL101C
TIM21,YGR033C
PCL5,YHR071W
CDC1,YDR182W
RPL16A,YIL133C
RPR2,YIR015W
ROD1,YOR018W
MRPL44,YMR225C
BSC1,YDL037C
RDS2,YPL133C
BNA4,YBL098W
RBD2,YPL246C
RIB4,YOL143C
RRP1,YDR087C
MSN4,YKL062W
CUP2,YGL166W
TLG1,YDR468C
GEP3,YOR205C
COQ1,YBR003W
BOI2,YER114C
MMP1,YLL061W
VPS28,YPL065W
ACE2,YLR131C
VMR1,YHL035C
NPA3,YJR072C
MRP2,YPR166C
SPS22,YCL048W
CFT2,YLR115W
CUR1,YPR158W
PCL8,YPL219W
RRP9,YPR137W
GCV2,YMR189W
RAD55,YDR076W
GAL7,YBR018C
ATG33,YLR356W
RIF1,YBR275C
RPS23A,YGR118W
CEG1,YGL130W
RTS2,YOR077W
HHO1,YPL127C
JLP2,YMR132C
HCA4,YJL033W
GAC1,YOR178C
BRE1,YDL074C
SSA1,YAL005C
FKH2,YNL068C
SPS2,YDR522C
UBA3,YPR066W
CWP2,YKL096W-A
RPL26B,YGR034W
RPP1,YHR062C
PDR17,YNL264C
PHO4,YFR034C
ERG4,YGL012W
PAD1,YDR538W
GAS3,YMR215W
RSM23,YGL129C
RPS16A,YMR143W
GUA1,YMR217W
IWR1,YDL115C
BAT2,YJR148W
FMP48,YGR052W
HSH49,YOR319W
REC107,YJR021C
ELA1,YNL230C
GRE1,YPL223C
AIM7,YDR063W
BYE1,YKL005C
PCT1,YGR202C
POX1,YGL205W
TAF1,YGR274C
TMA20,YER007C-A
PAU10,YDR542W
MEU1,YLR017W
GCV3,YAL044C
CSE1,YGL238W
BAT1,YHR208W
CAB5,YDR196C
PIN3,YPR154W
CAP1,YKL007W
BET2,YPR176C
NUS1,YDL193W
VBA1,YMR088C
UTP10,YJL109C
FCF2,YLR051C
NUP133,YKR082W
PWP1,YLR196W
INM2,YDR287W
RAD33,YML011C
YVH1,YIR026C
KAP123,YER110C
PRP31,YGR091W
AFI1,YOR129C
IBA57,YJR122W
NOG2,YNR053C
CWC24,YLR323C
RME1,YGR044C
MGR2,YPL098C
SRM1,YGL097W
THG1,YGR024C
SAS4,YDR181C
ICS2,YBR157C
APL1,YJR005W
DOG1,YHR044C
NOP53,YPL146C
CPA1,YOR303W
VTC3,YPL019C
TSC10,YBR265W
HEM14,YER014W
PAI3,YMR174C
RPS7A,YOR096W
MTQ1,YNL063W
CDC9,YDL164C
SIR1,YKR101W
MET30,YIL046W
RKM4,YDR257C
ALG3,YBL082C
TUL1,YKL034W
SNO1,YMR095C
MIG2,YGL209W
ECM25,YJL201W
SPT4,YGR063C
MIC60,YKR016W
CPA2,YJR109C
DDP1,YOR163W
GLE2,YER107C
PUT2,YHR037W
MRPL27,YBR282W
UBC6,YER100W
EST1,YLR233C
KCS1,YDR017C
VPS1,YKR001C
DSL1,YNL258C
HBT1,YDL223C
SHE3,YBR130C
RRP5,YMR229C
FAT3,YKL187C
TIP1,YBR067C
COR1,YBL045C
MCP1,YOR228C
NTR2,YKR022C
CDC25,YLR310C
STP1,YDR463W
TYW3,YGL050W
MCM16,YPR046W
ARC35,YNR035C
RTT10,YPL183C
LSM6,YDR378C
CPR7,YJR032W
ERJ5,YFR041C
RPN5,YDL147W
IMP21,YIL154C
THP3,YPR045C
SPC42,YKL042W
HFA1,YMR207C
UIP5,YKR044W
REI1,YBR267W
MDE1,YJR024C
TRP3,YKL211C
CCT5,YJR064W
ENT5,YDR153C
MCH4,YOL119C
RBS1,YDL189W
COX12,YLR038C
BSC2,YDR275W
DXO1,YDR370C
VMA21,YGR105W
UTH1,YKR042W
MIM1,YOL026C
MSY1,YPL097W
RXT2,YBR095C
SPP382,YLR424W
AVT5,YBL089W
SYF1,YDR416W
CWP1,YKL096W
CCP1,YKR066C
PRE7,YBL041W
HST4,YDR191W
ATP10,YLR393W
KRI1,YNL308C
SER33,YIL074C
RGI1,YER067W
TIR4,YOR009W
RAD23,YEL037C
SUA5,YGL169W
BCK2,YER167W
HSP60,YLR259C
SER1,YOR184W
BUD32,YGR262C
TRK1,YJL129C
HAP5,YOR358W
ERV1,YGR029W
CWC27,YPL064C
PPZ1,YML016C
ARG56,YER069W
ZAP1,YJL056C
SPC72,YAL047C
MSC1,YML128C
FUN19,YAL034C
MHR1,YDR296W
KTR6,YPL053C
MRS6,YOR370C
URM1,YIL008W
RHO2,YNL090W
PRM3,YPL192C
BBC1,YJL020C
AVT6,YER119C
PDR1,YGL013C
MDS3,YGL197W
MSB3,YNL293W
FKS1,YLR342W
FPK1,YNR047W
OSH7,YHR001W
MRS1,YIR021W
LAP2,YNL045W
NSR1,YGR159C
MGR1,YCL044C
ADE3,YGR204W
APM4,YOL062C
ERD2,YBL040C
NKP2,YLR315W
SDH3,YKL141W
PLC1,YPL268W
AGP3,YFL055W
ERP6,YGL002W
CMC2,YBL059C-A
PEX28,YHR150W
PRP42,YDR235W
ROX3,YBL093C
VPS15,YBR097W
MND2,YIR025W
MEC1,YBR136W
DTR1,YBR180W
RPS10B,YMR230W
SNF1,YDR477W
YTM1,YOR272W
ERV15,YBR210W
SEC53,YFL045C
MED7,YOL135C
BSC5,YNR069C
IPT1,YDR072C
TPC1,YGR096W
ATG10,YLL042C
BAR1,YIL015W
COA4,YLR218C
CFD1,YIL003W
SSD1,YDR293C
NDC1,YML031W
CDC23,YHR166C
SAG1,YJR004C
RPL8B,YLL045C
NRP1,YDL167C
COG8,YML071C
YPK9,YOR291W
DEP1,YAL013W
PGI1,YBR196C
AGX1,YFL030W
ECT1,YGR007W
CDC73,YLR418C
YPT1,YFL038C
GAL11,YOL051W
ZUO1,YGR285C
RDL2,YOR286W
OSM1,YJR051W
PPN1,YDR452W
POL3,YDL102W
ERS1,YCR075C
SNF12,YNR023W
DAP2,YHR028C
GPB2,YAL056W
PTR3,YFR029W
IRA2,YOL081W
AVT7,YIL088C
RSM18,YER050C
WHI5,YOR083W
GCN3,YKR026C
RPT3,YDR394W
SAC7,YDR389W
SUI2,YJR007W
RPB2,YOR151C
MFA2,YNL145W
RCR1,YBR005W
TAF11,YML015C
CDC31,YOR257W
XPT1,YJR133W
NNT1,YLR285W
DBR1,YKL149C
LTO1,YNL260C
PXL1,YKR090W
RAD3,YER171W
MET6,YER091C
GLG2,YJL137C
OSW1,YOR255W
COX9,YDL067C
UGA1,YGR019W
ESL2,YKR096W
GYL1,YMR192W
SIP2,YGL208W
SSA4,YER103W
TLG2,YOL018C
DSE3,YOR264W
HXK1,YFR053C
PEX17,YNL214W
FYV4,YHR059W
YJU3,YKL094W
AHC2,YCR082W
FYV8,YGR196C
LCB3,YJL134W
HAP2,YGL237C
YTH1,YPR107C
QCR6,YFR033C
KAP104,YBR017C
FIN1,YDR130C
ACT1,YFL039C
RPB9,YGL070C
TMN3,YER113C
BNR1,YIL159W
BFR2,YDR299W
AHC1,YOR023C
MCM21,YDR318W
MET4,YNL103W
GRS2,YPR081C
GEM1,YAL048C
RKM3,YBR030W
SIC1,YLR079W
MCX1,YBR227C
YPR1,YDR368W
STO1,YMR125W
JIP4,YDR475C
SKI2,YLR398C
GAT1,YFL021W
VMS1,YDR049W
ENB1,YOL158C
NOP15,YNL110C
TRX3,YCR083W
KEL2,YGR238C
RFC3,YNL290W
SEN34,YAR008W
VAM3,YOR106W
RPG1,YBR079C
SAP4,YGL229C
GIP2,YER054C
SBP1,YHL034C
HOT13,YKL084W
AGE2,YIL044C
CDC6,YJL194W
LSM7,YNL147W
HEM4,YOR278W
HSV2,YGR223C
SAR1,YPL218W
ALG1,YBR110W
RPP1A,YDL081C
SBE2,YDR351W
MOT3,YMR070W
NUP120,YKL057C
RPS17B,YDR447C
RPL12B,YDR418W
QRI1,YDL103C
BUD2,YKL092C
PNC1,YGL037C
SNT309,YPR101W
RSF2,YJR127C
TAN1,YGL232W
RPL34A,YER056C-A
DBP10,YDL031W
EFM2,YBR271W
IOC4,YMR044W
SRP40,YKR092C
POP3,YNL282W
RVB1,YDR190C
ATX1,YNL259C
PES4,YFR023W
MBR1,YKL093W
TVP18,YMR071C
TOM6,YOR045W
GSC2,YGR032W
RFC4,YOL094C
RSR1,YGR152C
ATP15,YPL271W
RCY1,YJL204C
ARA2,YMR041C
AKL1,YBR059C
ROT2,YBR229C
RPN13,YLR421C
PET122,YER153C
HEK2,YBL032W
YPS6,YIR039C
GIP4,YAL031C
RMA1,YKL132C
VPS45,YGL095C
SGF29,YCL010C
MCH5,YOR306C
GLC8,YMR311C
ATH1,YPR026W
SHS1,YDL225W
KIP3,YGL216W
ENV11,YGR071C
NTH1,YDR001C
RPS21A,YKR057W
DGA1,YOR245C
GDB1,YPR184W
NMD3,YHR170W
PPA2,YMR267W
CLN2,YPL256C
GLR1,YPL091W
MTC4,YBR255W
YPT52,YKR014C
BNA2,YJR078W
DAD4,YDR320C-A
GIM3,YNL153C
KAR2,YJL034W
TFC3,YAL001C
KRE9,YJL174W
CAT2,YML042W
RPS1A,YLR441C
NTC20,YBR188C
ENO2,YHR174W
MEP2,YNL142W
MIH1,YMR036C
PDS1,YDR113C
SHM1,YBR263W
CPR2,YHR057C
APC2,YLR127C
UBP15,YMR304W
SEC21,YNL287W
BUR2,YLR226W
MSG5,YNL053W
MRP51,YPL118W
RTT106,YNL206C
CMD1,YBR109C
VNX1,YNL321W
SET2,YJL168C
NUT1,YGL151W
ESS1,YJR017C
PTC6,YCR079W
ERG12,YMR208W
POC4,YPL144W
RPL18A,YOL120C
SIN4,YNL236W
CDC16,YKL022C
MCA1,YOR197W
CIA2,YHR122W
RSM19,YNR037C
ADY4,YLR227C
DPB3,YBR278W
PPH22,YDL188C
POP1,YNL221C
CYS3,YAL012W
ERG28,YER044C
CDA1,YLR307W
RKR1,YMR247C
PIR1,YKL164C
EMC4,YGL231C
SEC61,YLR378C
DCC1,YCL016C
ERG25,YGR060W
GPI13,YLL031C
MIG1,YGL035C
TKL2,YBR117C
IBD2,YNL164C
SEM1,YDR363W-A
SUR2,YDR297W
CBK1,YNL161W
NTF2,YER009W
CDH1,YGL003C
GCV1,YDR019C
MIT1,YEL007W
SRS2,YJL092W
ENV9,YOR246C
ADH6,YMR318C
PIH1,YHR034C
VPS13,YLL040C
MET16,YPR167C
VPS36,YLR417W
COX13,YGL191W
ATG1,YGL180W
LRP1,YHR081W
MRPS8,YMR158W
RTR2,YDR066C
APS2,YJR058C
SMC1,YFL008W
APT1,YML022W
PEX3,YDR329C
IMP1,YMR150C
TCB1,YOR086C
EOS1,YNL080C
SRP54,YPR088C
SUP35,YDR172W
LSC2,YGR244C
PRS1,YKL181W
HTA1,YDR225W
TMA17,YDL110C
SCS2,YER120W
ATG23,YLR431C
VID28,YIL017C
CBP2,YHL038C
OXP1,YKL215C
RPS9A,YPL081W
OST2,YOR103C
SCD5,YOR329C
SPT7,YBR081C
RRT13,YER066W
FKS3,YMR306W
UBX2,YML013W
YIP5,YGL161C
CPR5,YDR304C
PKR1,YMR123W
ECM16,YMR128W
ACP1,YKL192C
FAR1,YJL157C
HNT2,YDR305C
EMC2,YJR088C
SRL1,YOR247W
RPL25,YOL127W
KEG1,YFR042W
VPS68,YOL129W
AEP2,YMR282C
TMA108,YIL137C
GCR1,YPL075W
ADP1,YCR011C
BUD25,YER014C-A
ARO2,YGL148W
PFK1,YGR240C
ALY2,YJL084C
SDA1,YGR245C
TPK3,YKL166C
MSC2,YDR205W
PGA1,YNL158W
TPA1,YER049W
NUP2,YLR335W
YPT35,YHR105W
FMP30,YPL103C
MNS1,YJR131W
POP6,YGR030C
ATG11,YPR049C
APE1,YKL103C
TOM20,YGR082W
BMT2,YBR141C
CHS2,YBR038W
SKI3,YPR189W
YCF1,YDR135C
FUN14,YAL008W
PML1,YLR016C
LTE1,YAL024C
FAT1,YBR041W
AIM29,YKR074W
DMA1,YHR115C
COX17,YLL009C
JNM1,YMR294W
BRL1,YHR036W
TAF4,YMR005W
JIP5,YPR169W
MPD2,YOL088C
REC114,YMR133W
PRE1,YER012W
BRX1,YOL077C
STB4,YMR019W
SPR28,YDR218C
SHG1,YBR258C
PET18,YCR020C
MNP1,YGL068W
SEC3,YER008C
PTA1,YAL043C
SKO1,YNL167C
UFE1,YOR075W
CPS1,YJL172W
TIM44,YIL022W
MSH6,YDR097C
SPO24,YPR036W-A
BNI1,YNL271C
ERI1,YPL096C-A
ARR1,YPR199C
ADE16,YLR028C
ECM13,YBL043W
ARB1,YER036C
MIP6,YHR015W
CLA4,YNL298W
TOS4,YLR183C
CKA2,YOR061W
SPT10,YJL127C
GNA1,YFL017C
MTR10,YOR160W
CYB2,YML054C
GPI18,YBR004C
POR1,YNL055C
PDX1,YGR193C
GET1,YGL020C
ATP12,YJL180C
CET1,YPL228W
MOG1,YJR074W
SLA2,YNL243W
OPY2,YPR075C
NMT1,YLR195C
FCY22,YER060W-A
CTF18,YMR078C
CCL1,YPR025C
GCD7,YLR291C
HSP150,YJL159W
BRN1,YBL097W
PMT5,YDL093W
MIC19,YFR011C
TAF10,YDR167W
AIM19,YIL087C
JAC1,YGL018C
RPL37B,YDR500C
COQ4,YDR204W
RPC10,YHR143W-A
TRX1,YLR043C
NOP13,YNL175C
TAH18,YPR048W
LPD1,YFL018C
STM1,YLR150W
NAB3,YPL190C
SLC1,YDL052C
TPD3,YAL016W
TAF9,YMR236W
YSH1,YLR277C
MST1,YKL194C
AGC1,YPR021C
TAZ1,YPR140W
DOT6,YER088C
TIM18,YOR297C
PDR16,YNL231C
RMP1,YLR145W
MVD1,YNR043W
RIM8,YGL045W
SAM4,YPL273W
DAK2,YFL053W
PDR11,YIL013C
BSD2,YBR290W
CAR1,YPL111W
YAP6,YDR259C
ARP8,YOR141C
RHB1,YCR027C
TRA1,YHR099W
WWM1,YFL010C
OM45,YIL136W
RPL27B,YDR471W
AIM20,YIL158W
MGE1,YOR232W
GPI14,YJR013W
TAF7,YMR227C
AUR1,YKL004W
CUE4,YML101C
AAD14,YNL331C
CFT1,YDR301W
ASK1,YKL052C
ARG3,YJL088W
DIN7,YDR263C
PBI1,YPL272C
TMA64,YDR117C
HXT14,YNL318C
ACM1,YPL267W
KSS1,YGR040W
NIT2,YJL126W
EFT1,YOR133W
MRPL35,YDR322W
EPL1,YFL024C
NAG1,YGR031C-A
ICL1,YER065C
CCC2,YDR270W
SGT2,YOR007C
STP2,YHR006W
OPI10,YOL032W
ECM4,YKR076W
YOP1,YPR028W
RNH203,YLR154C
SRB2,YHR041C
SKI6,YGR195W
INH1,YDL181W
GRX3,YDR098C
HOT1,YMR172W
MRPS17,YMR188C
IZH1,YDR492W
VPS51,YKR020W
HXT5,YHR096C
HTB2,YBL002W
FYV12,YOR183W
SAH1,YER043C
CDC43,YGL155W
IDP3,YNL009W
BNA1,YJR025C
CLN3,YAL040C
MAK31,YCR020C-A
FPR4,YLR449W
SNF7,YLR025W
PBP2,YBR233W
PRM10,YJL108C
ATP22,YDR350C
RRG9,YNL213C
RSC30,YHR056C
SSA3,YBL075C
FIG2,YCR089W
RTT107,YHR154W
SEC13,YLR208W
SWI1,YPL016W
SNX41,YDR425W
PRI1,YIR008C
MMR1,YLR190W
ATG32,YIL146C
GRX8,YLR364W
COG4,YPR105C
OSW2,YLR054C
SPT21,YMR179W
RDH54,YBR073W
SAP185,YJL098W
PAC1,YOR269W
PKC1,YBL105C
AKR1,YDR264C
EAR1,YMR171C
OTU2,YHL013C
YPS7,YDR349C
PKH2,YOL100W
SFC1,YJR095W
RPS22A,YJL190C
PEX32,YBR168W
BEM4,YPL161C
HFM1,YGL251C
LEA1,YPL213W
SNG1,YGR197C
HUA2,YOR284W
MRP49,YKL167C
CTS2,YDR371W
OCA1,YNL099C
NMD5,YJR132W
RPI1,YIL119C
GFD2,YCL036W
TRS120,YDR407C
FTH1,YBR207W
SEC63,YOR254C
ULI1,YFR026C
SSU72,YNL222W
BGL2,YGR282C
PRT1,YOR361C
CTR3,YLR411W
UPC2,YDR213W
DLD2,YDL178W
DPS1,YLL018C
SUR1,YPL057C
OPI3,YJR073C
YRR1,YOR162C
GGC1,YDL198C
PRR2,YDL214C
CWC22,YGR278W
APT2,YDR441C
HMG2,YLR450W
HSL1,YKL101W
UTP8,YGR128C
EFM1,YHL039W
HXT1,YHR094C
PUP1,YOR157C
ALB1,YJL122W
SKT5,YBL061C
FLC3,YGL139W
TOM5,YPR133W-A
ISR1,YPR106W
HAP4,YKL109W
RAP1,YNL216W
ECM22,YLR228C
BEM2,YER155C
NOP14,YDL148C
PEX21,YGR239C
RTG2,YGL252C
NGL1,YOL042W
PPQ1,YPL179W
FUS1,YCL027W
ERP1,YAR002C-A
TAP42,YMR028W
YSC84,YHR016C
FUN12,YAL035W
MRE11,YMR224C
SIF2,YBR103W
NIT3,YLR351C
MYO3,YKL129C
PCI8,YIL071C
BMT6,YLR063W
AAR2,YBL074C
PFK26,YIL107C
CCT7,YJL111W
RPL11A,YPR102C
DCI1,YOR180C
BIG1,YHR101C
CLB4,YLR210W
GPP1,YIL053W
RSM22,YKL155C
GIP1,YBR045C
ETP1,YHL010C
ATG7,YHR171W
BRR1,YPR057W
UPS2,YLR168C
RGP1,YDR137W
UTP18,YJL069C
ZRT1,YGL255W
IMP3,YHR148W
JLP1,YLL057C
ALA1,YOR335C
RIM13,YMR154C
AXL1,YPR122W
SWI3,YJL176C
UFD1,YGR048W
TOS3,YGL179C
SWC3,YAL011W
ADE13,YLR359W
HER1,YOR227W
YMC1,YPR058W
SSK1,YLR006C
MNN9,YPL050C
MAP1,YLR244C
REV1,YOR346W
KIN4,YOR233W
VPS41,YDR080W
UTP25,YIL091C
DRE2,YKR071C
NDE2,YDL085W
SUC2,YIL162W
AGA1,YNR044W
PDR5,YOR153W
RPL18B,YNL301C
PEX19,YDL065C
REE1,YJL217W
DSE2,YHR143W
DUG1,YFR044C
MDR1,YGR100W
SSN2,YDR443C
SWM1,YDR260C
PEX34,YCL056C
NAT5,YOR253W
ARC40,YBR234C
LSB5,YCL034W
ARP2,YDL029W
HMI1,YOL095C
DUS1,YML080W
RAD2,YGR258C
NOP8,YOL144W
SPA2,YLL021W
VPS21,YOR089C
SPT5,YML010W
SKI8,YGL213C
IRC18,YJL037W
SPC3,YLR066W
REA1,YLR106C
AVO2,YMR068W
ELP3,YPL086C
RAM2,YKL019W
HOS2,YGL194C
VPS27,YNR006W
PNG1,YPL096W
SNZ1,YMR096W
ATE1,YGL017W
DLS1,YJL065C
IME4,YGL192W
AIM14,YGL160W
PEX4,YGR133W
PSO2,YMR137C
HFD1,YMR110C
CAJ1,YER048C
MAD2,YJL030W
RPS4B,YHR203C
SSY1,YDR160W
SPC1,YJR010C-A
AAC1,YMR056C
VTI1,YMR197C
UBC1,YDR177W
SWD3,YBR175W
DOP1,YDR141C
DCS1,YLR270W
UTP20,YBL004W
MTF2,YDL044C
LCD1,YDR499W
YRA2,YKL214C
SWS2,YNL081C
AMA1,YGR225W
RPS4A,YJR145C
SER2,YGR208W
CHO1,YER026C
MTQ2,YDR140W
HOR7,YMR251W-A
MRPS35,YGR165W
MSB2,YGR014W
PRI2,YKL045W
SWF1,YDR126W
YET2,YMR040W
SLI15,YBR156C
RPN4,YDL020C
PSH1,YOL054W
SUL2,YLR092W
CKI1,YLR133W
TUB3,YML124C
REC8,YPR007C
EXO84,YBR102C
TAM41,YGR046W
MSS11,YMR164C
RUD3,YOR216C
CST26,YBR042C
ACK1,YDL203C
SIZ1,YDR409W
DUF1,YOL087C
CSE2,YNR010W
SAN1,YDR143C
ISY1,YJR050W
RSC3,YDR303C
SPC25,YER018C
RPL19A,YBR084C-A
ACA1,YER045C
TDA10,YGR205W
RQC2,YPL009C
HSE1,YHL002W
UGO1,YDR470C
ATG21,YPL100W
NAM2,YLR382C
UTP30,YKR060W
HHT1,YBR010W
RPT2,YDL007W
PRY3,YJL078C
RPL7B,YPL198W
GUD1,YDL238C
SCW4,YGR279C
SUR7,YML052W
PKP2,YGL059W
ASI1,YMR119W
SPO13,YHR014W
NMD2,YHR077C
SWD1,YAR003W
PMT7,YDR307W
YRB30,YGL164C
TPN1,YGL186C
GRX4,YER174C
REV7,YIL139C
IRC15,YPL017C
SLK19,YOR195W
MND1,YGL183C
GEP5,YLR091W
COQ10,YOL008W
YLH47,YPR125W
NUG1,YER006W
CAN1,YEL063C
CRT10,YOL063C
SPO75,YLL005C
SKI7,YOR076C
MBF1,YOR298C-A
KTR3,YBR205W
VID27,YNL212W
PIM1,YBL022C
SGA1,YIL099W
SNM1,YDR478W
GNP1,YDR508C
MRPL25,YGR076C
RSC6,YCR052W
RRP40,YOL142W
FIT1,YDR534C
TFB1,YDR311W
SNT2,YGL131C
CCM1,YGR150C
SOL1,YNR034W
AIM34,YMR003W
TPS1,YBR126C
ATP5,YDR298C
IMO32,YGR031W
UBX4,YMR067C
LRG1,YDL240W
SKG1,YKR100C
TPO4,YOR273C
KOG1,YHR186C
RPL20A,YMR242C
ASG7,YJL170C
MPD1,YOR288C
TAF6,YGL112C
TOR1,YJR066W
PAC11,YDR488C
EDS1,YBR033W
ERP2,YAL007C
MYO2,YOR326W
PTH2,YBL057C
SSF2,YDR312W
ELP4,YPL101W
RPC25,YKL144C
ERG27,YLR100W
DIP2,YLR129W
VHS1,YDR247W
SPC29,YPL124W
SLD2,YKL108W
HFI1,YPL254W
THR1,YHR025W
IPK1,YDR315C
MNT3,YIL014W
SUB2,YDL084W
MRPL17,YNL252C
ISN1,YOR155C
MED4,YOR174W
WHI3,YNL197C
LAS17,YOR181W
RPL42A,YNL162W
FZO1,YBR179C
SMF3,YLR034C
SND3,YBR106W
UIP3,YAR027W
SNX4,YJL036W
RPL37A,YLR185W
MRP1,YDR347W
ARC1,YGL105W
NRT1,YOR071C
THP1,YOL072W
RAD30,YDR419W
AUA1,YFL010W-A
GPI19,YDR437W
MCR1,YKL150W
HST2,YPL015C
UTP22,YGR090W
UBC5,YDR059C
GIC1,YHR061C
STE14,YDR410C
VTS1,YOR359W
IDP1,YDL066W
TAD1,YGL243W
RGL1,YPL066W
GAR1,YHR089C
MIP1,YOR330C
PDB1,YBR221C
SRP14,YDL092W
ZPR1,YGR211W
ADF1,YCL058W-A
SAK1,YER129W
LAM1,YHR155W
SCS7,YMR272C
PTC3,YBL056W
SLM3,YDL033C
HEM15,YOR176W
DAD1,YDR016C
DFR1,YOR236W
NOP1,YDL014W
KAE1,YKR038C
TIP41,YPR040W
RSC1,YGR056W
MEI4,YER044C-A
RPL1A,YPL220W
MNL2,YLR057W
YEA6,YEL006W
PRP40,YKL012W
CCR4,YAL021C
SUT1,YGL162W
TAX4,YJL083W
MSH4,YFL003C
MAD1,YGL086W
RPN12,YFR052W
MAK16,YAL025C
AGP1,YCL025C
PCM1,YEL058W
MDJ2,YNL328C
NOG1,YPL093W
PUT3,YKL015W
GEA2,YEL022W
BUD4,YJR092W
FMP16,YDR070C
TPO3,YPR156C
VMA1,YDL185W
VPS62,YGR141W
MRPL3,YMR024W
RPB3,YIL021W
IZH2,YOL002C
CPR1,YDR155C
FAR3,YMR052W
ILV5,YLR355C
PDX3,YBR035C
GUS1,YGL245W
GCG1,YER163C
FLO10,YKR102W
BIT61,YJL058C
YME1,YPR024W
DAS2,YDR020C
SLA1,YBL007C
LSC1,YOR142W
RRP3,YHR065C
PET191,YJR034W
PET8,YNL003C
BMT5,YIL096C
AVT3,YKL146W
SMD1,YGR074W
MPC54,YOR177C
MUM2,YBR057C
CYC7,YEL039C
TMA22,YJR014W
ENT3,YJR125C
MPH1,YIR002C
PAN5,YHR063C
RRN9,YMR270C
FPR1,YNL135C
DED1,YOR204W
CDC60,YPL160W
RFX1,YLR176C
SLX1,YBR228W
RPS14B,YJL191W
YIH1,YCR059C
INN1,YNL152W
OAF3,YKR064W
SCL1,YGL011C
LRE1,YCL051W
SPT6,YGR116W
RPS1B,YML063W
SKG3,YLR187W
THO2,YNL139C
PMD1,YER132C
ORC4,YPR162C
RPL35A,YDL191W
YPS3,YLR121C
DCP1,YOL149W
ASI3,YNL008C
THI3,YDL080C
TEX1,YNL253W
POT1,YIL160C
RTA1,YGR213C
TRS23,YDR246W
CDC28,YBR160W
MDH3,YDL078C
PRE3,YJL001W
CIS3,YJL158C
MAK21,YDR060W
SVS1,YPL163C
ECM11,YDR446W
LCL3,YGL085W
PHO91,YNR013C
AGP2,YBR132C
ATC1,YDR184C
MSS51,YLR203C
STE18,YJR086W
DIE2,YGR227W
CAT8,YMR280C
GRR1,YJR090C
NUC1,YJL208C
MOT2,YER068W
MET28,YIR017C
CCZ1,YBR131W
PAN6,YIL145C
COG2,YGR120C
GAT3,YLR013W
COX8,YLR395C
NDT80,YHR124W
CHS7,YHR142W
IRC5,YFR038W
CUE3,YGL110C
NMA111,YNL123W
GPN3,YLR243W
RPA135,YPR010C
COA1,YIL157C
FAR7,YFR008W
MIG3,YER028C
FIS1,YIL065C
TOD6,YBL054W
OYE3,YPL171C
VMA22,YHR060W
SUI3,YPL237W
ERV25,YML012W
CWC25,YNL245C
PRS4,YBL068W
RAD61,YDR014W
TWF1,YGR080W
SPT23,YKL020C
PRP43,YGL120C
SIP1,YDR422C
RPC82,YPR190C
SHR3,YDL212W
ICS3,YJL077C
NTG1,YAL015C
ADA2,YDR448W
ACF4,YJR083C
COX4,YGL187C
AVL9,YLR114C
MSP1,YGR028W
ITR1,YDR497C
SAS5,YOR213C
UBR1,YGR184C
COG6,YNL041C
ECM12,YHR021W-A
PEX14,YGL153W
SGD1,YLR336C
RDI1,YDL135C
HAP3,YBL021C
TRP4,YDR354W
PHO23,YNL097C
EHT1,YBR177C
TMA7,YLR262C-A
CTK1,YKL139W
RAD1,YPL022W
CAP2,YIL034C
DUG3,YNL191W
SKN7,YHR206W
BUD7,YOR299W
FRM2,YCL026C-A
NOC4,YPR144C
LIF1,YGL090W
BER1,YLR412W
RGC1,YPR115W
GAL2,YLR081W
CBF2,YGR140W
RPL28,YGL103W
MTC7,YEL033W
SFB2,YNL049C
MRPL49,YJL096W
SUP45,YBR143C
MRPL37,YBR268W
MDM35,YKL053C-A
LEU2,YCL018W
SRL2,YLR082C
TIM22,YDL217C
HHT2,YNL031C
CDC3,YLR314C
PMU1,YKL128C
PGK1,YCR012W
TRS20,YBR254C
ATP20,YPR020W
PRS3,YHL011C
FAU1,YER183C
AFT1,YGL071W
QCR2,YPR191W
BUD3,YCL014W
YRO2,YBR054W
TAF13,YML098W
SCT1,YBL011W
RAV1,YJR033C
TIR2,YOR010C
SIT4,YDL047W
CHS1,YNL192W
NTE1,YML059C
PUS2,YGL063W
YFT2,YDR319C
MUP3,YHL036W
CRC1,YOR100C
BRO1,YPL084W
BSP1,YPR171W
KEL1,YHR158C
THI72,YOR192C
CRN1,YLR429W
CDC10,YCR002C
RPL6A,YML073C
YPT31,YER031C
NAB6,YML117W
DET1,YDR051C
RRN10,YBL025W
PST1,YDR055W
ATG41,YPL250C
CYB5,YNL111C
AAC3,YBR085W
ATG4,YNL223W
OMS1,YDR316W
AAD6,YFL056C
GRX5,YPL059W
UTP5,YDR398W
CYC8,YBR112C
REF2,YDR195W
RRP43,YCR035C
RPL22B,YFL034C-A
RML2,YEL050C
SFA1,YDL168W
HGH1,YGR187C
CLB1,YGR108W
RPL33A,YPL143W
EAF5,YEL018W
TAF2,YCR042C
AYT1,YLL063C
AIM36,YMR157C
QDR2,YIL121W
FMP32,YFL046W
MRM2,YGL136C
YBP1,YBR216C
MCM10,YIL150C
GAS5,YOL030W
GND2,YGR256W
ECM7,YLR443W
SNC1,YAL030W
ISM1,YPL040C
RRP14,YKL082C
TPI1,YDR050C
SEC7,YDR170C
COX20,YDR231C
TPO1,YLL028W
ARG4,YHR018C
CCT2,YIL142W
YAR1,YPL239W
LHS1,YKL073W
RAI1,YGL246C
SSK2,YNR031C
CIN8,YEL061C
BMH2,YDR099W
ERV29,YGR284C
PHM6,YDR281C
SPO14,YKR031C
VMA5,YKL080W
GYP8,YFL027C
NHP10,YDL002C
APP1,YNL094W
KAP114,YGL241W
SDH2,YLL041C
TMA19,YKL056C
HIS1,YER055C
TOA2,YKL058W
RAS2,YNL098C
UBX3,YDL091C
MSE1,YOL033W
EPO1,YMR124W
LEU3,YLR451W
NTA1,YJR062C
RIX1,YHR197W
TRE1,YPL176C
ALG5,YPL227C
WIP1,YDR374W-A
DNM1,YLL001W
PFD1,YJL179W
SPT3,YDR392W
NPR3,YHL023C
PUP3,YER094C
DPP1,YDR284C
BIO5,YNR056C
ACF2,YLR144C
ZIP2,YGL249W
ARG80,YMR042W
CCT8,YJL008C
INP1,YMR204C
WHI4,YDL224C
DSC2,YOL073C
TRM9,YML014W
IES1,YFL013C
BUD14,YAR014C
MHP1,YJL042W
PET494,YNR045W
CBP3,YPL215W
MPO1,YGL010W
HSP10,YOR020C
TAD3,YLR316C
DOT5,YIL010W
PBS2,YJL128C
ATG31,YDR022C
SFI1,YLL003W
PMA2,YPL036W
ARO10,YDR380W
TDA7,YNL176C
PRP8,YHR165C
ALG2,YGL065C
UBP1,YDL122W
NSL1,YPL233W
SPT16,YGL207W
AIM11,YER093C-A
PNP1,YLR209C
OLA1,YBR025C
ILS1,YBL076C
DYN2,YDR424C
RPF1,YHR088W
RPS31,YLR167W
MMS4,YBR098W
PAU17,YLL025W
IDP2,YLR174W
HTA2,YBL003C
HNT1,YDL125C
ERP3,YDL018C
FAS2,YPL231W
ATF1,YOR377W
MLS1,YNL117W
HRQ1,YDR291W
YKU70,YMR284W
ADY3,YDL239C
FMT1,YBL013W
PEX27,YOR193W
KTR4,YBR199W
CIC1,YHR052W
MRPL40,YPL173W
SPC105,YGL093W
GPI2,YPL076W
RSM10,YDR041W
DIA3,YDL024C
NBL1,YHR199C-A
RRP42,YDL111C
PSF1,YDR013W
PRB1,YEL060C
UBC12,YLR306W
ADE17,YMR120C
SWR1,YDR334W
GLT1,YDL171C
RRP45,YDR280W
PEX18,YHR160C
SAM50,YNL026W
OAR1,YKL055C
ROM1,YGR070W
FUN26,YAL022C
SMF1,YOL122C
CAR2,YLR438W
IRS4,YKR019C
SWC4,YGR002C
RPB4,YJL140W
YPQ2,YDR352W
AAP1,YHR047C
CBF1,YJR060W
HCH1,YNL281W
AQY2,YLL052C
HUL5,YGL141W
HXT4,YHR092C
MED6,YHR058C
GLN1,YPR035W
HTB1,YDR224C
MON2,YNL297C
VTC2,YFL004W
ALG14,YBR070C
COX26,YDR119W-A
MSS116,YDR194C
RPA49,YNL248C
SNU71,YGR013W
ODC1,YPL134C
RPS7B,YNL096C
NSG1,YHR133C
ATG8,YBL078C
RPB5,YBR154C
TAE1,YBR261C
DON1,YDR273W
RPC19,YNL113W
AYR1,YIL124W
CGR1,YGL029W
CIN2,YPL241C
SHH3,YMR118C
GET4,YOR164C
RGS2,YOR107W
FAR10,YLR238W
SIR3,YLR442C
PCH2,YBR186W
QCR8,YJL166W
THO1,YER063W
YAH1,YPL252C
UGP1,YKL035W
ERG5,YMR015C
ESC8,YOL017W
SFT2,YBL102W
LDB17,YDL146W
RMD6,YEL072W
TSL1,YML100W
RAD50,YNL250W
CDC21,YOR074C
TGL1,YKL140W
ATG19,YOL082W
MTR3,YGR158C
AVT2,YEL064C
TDA1,YMR291W
DPB4,YDR121W
TFB2,YPL122C
EFM5,YGR001C
LSB3,YFR024C-A
PHD1,YKL043W
ZEO1,YOL109W
DYN1,YKR054C
IOC3,YFR013W
CDC13,YDL220C
BCH1,YMR237W
OST1,YJL002C
MET31,YPL038W
TIF3,YPR163C
MTG1,YMR097C
YTA7,YGR270W
SEC39,YLR440C
POL4,YCR014C
TPM1,YNL079C
DAD3,YBR233W-A
TOM22,YNL131W
MED2,YDL005C
PPR1,YLR014C
PPT1,YGR123C
MTR2,YKL186C
MRPL24,YMR193W
BET4,YJL031C
PRP3,YDR473C
NYV1,YLR093C
VAB2,YEL005C
TAL1,YLR354C
PTP1,YDL230W
CHK1,YBR274W
HEF3,YNL014W
GAL10,YBR019C
CRR1,YLR213C
SDS23,YGL056C
ATG2,YNL242W
NOC3,YLR002C
LIA1,YJR070C
WHI2,YOR043W
NPR1,YNL183C
ECM27,YJR106W
HTL1,YCR020W-B
GPG1,YGL121C
KNS1,YLL019C
RRP4,YHR069C
GID8,YMR135C
GPI8,YDR331W
VPS72,YDR485C
NBA1,YOL070C
MNN5,YJL186W
ARO3,YDR035W
EFR3,YMR212C
RDS1,YCR106W
IPL1,YPL209C
CTM1,YHR109W
HEH2,YDR458C
TGL5,YOR081C
PHO86,YJL117W
RAD17,YOR368W
XKS1,YGR194C
SCW10,YMR305C
CRH1,YGR189C
RPE1,YJL121C
SPO71,YDR104C
CRM1,YGR218W
GSP1,YLR293C
SWT1,YOR166C
CCW14,YLR390W-A
MEF1,YLR069C
KAP120,YPL125W
ELF1,YKL160W
HEL2,YDR266C
EFB1,YAL003W
SPB1,YCL054W
SCO1,YBR037C
SPR1,YOR190W
MRH4,YGL064C
TOM71,YHR117W
MRPL33,YMR286W
HSP82,YPL240C
HMRA2,YCR096C
ICL2,YPR006C
SML1,YML058W
DUR12,YBR208C
ABD1,YBR236C
IMH1,YLR309C
SIS2,YKR072C
OCT1,YKL134C
RAD53,YPL153C
CAB3,YKL088W
YSP3,YOR003W
COG7,YGL005C
CEF1,YMR213W
TPS3,YMR261C
XYL2,YLR070C
HYP2,YEL034W
MOD5,YOR274W
GCD14,YJL125C
HIS7,YBR248C
TRM44,YPL030W
ZDS2,YML109W
CYR1,YJL005W
TEN1,YLR010C
TOM40,YMR203W
EKI1,YDR147W
CRP1,YHR146W
TDA9,YML081W
ABP140,YOR239W
KIN1,YDR122W
GPA2,YER020W
PEX12,YMR026C
CWH43,YCR017C
RTT101,YJL047C
HEM12,YDR047W
SCO2,YBR024W
BIL1,YOR304C-A
FCF1,YDR339C
PFK27,YOL136C
VPS52,YDR484W
NFU1,YKL040C
YHC1,YLR298C
ATG29,YPL166W
GCN1,YGL195W
EBS1,YDR206W
LEM3,YNL323W
MKK1,YOR231W
VIP1,YLR410W
SAE2,YGL175C
PEX5,YDR244W
LCP5,YER127W
RRT5,YFR032C
MNN4,YKL201C
MDM38,YOL027C
ACO2,YJL200C
KIN28,YDL108W
MAL11,YGR289C
DIT2,YDR402C
IDH2,YOR136W
KCC4,YCL024W
ASE1,YOR058C
BDH1,YAL060W
CAB4,YGR277C
MHF2,YDL160C-A
ECM32,YER176W
SPO19,YPL130W
PEX1,YKL197C
COG5,YNL051W
APM1,YPL259C
TRZ1,YKR079C
MRPL31,YKL138C
ACB1,YGR037C
MIC12,YBR262C
SEC10,YLR166C
IDH1,YNL037C
RSM25,YIL093C
CAF40,YNL288W
ERG2,YMR202W
DED81,YHR019C
TCP1,YDR212W
FAR11,YNL127W
SGF73,YGL066W
VPS30,YPL120W
FRT1,YOR324C
AUS1,YOR011W
YRB1,YDR002W
PRP46,YPL151C
NOP2,YNL061W
LRS4,YDR439W
CHA1,YCL064C
UTP9,YHR196W
GPD2,YOL059W
SVL3,YPL032C
CSR2,YPR030W
CIR1,YGR207C
ISW2,YOR304W
STE11,YLR362W
MUB1,YMR100W
GCN20,YFR009W
RPS26A,YGL189C
TIF35,YDR429C
EDE1,YBL047C
GDS1,YOR355W
SDS3,YIL084C
MNR2,YKL064W
RPL6B,YLR448W
DDR48,YMR173W
GIS4,YML006C
UFO1,YML088W
NGL3,YML118W
ARO7,YPR060C
DNF1,YER166W
WTM2,YOR229W
HPA2,YPR193C
YTA6,YPL074W
CCH1,YGR217W
CLU1,YMR012W
NUP1,YOR098C
TIP20,YGL145W
PUF2,YPR042C
APE2,YKL157W
BUB1,YGR188C
ENA1,YDR040C
ARE2,YNR019W
YTA12,YMR089C
CTR86,YCR054C
HAL1,YPR005C
PST2,YDR032C
HBN1,YCL026C-B
HHF1,YBR009C
APC5,YOR249C
CTH1,YDR151C
HHF2,YNL030W
NEW1,YPL226W
FCY1,YPR062W
POL5,YEL055C
CHS3,YBR023C
ROT1,YMR200W
LST4,YKL176C
ATG20,YDL113C
YPK2,YMR104C
STB5,YHR178W
RCN1,YKL159C
DIG2,YDR480W
ASF1,YJL115W
LSB1,YGR136W
PRP4,YPR178W
RAD16,YBR114W
GRE2,YOL151W
YRB2,YIL063C
RXT3,YDL076C
TRM82,YDR165W
AOS1,YPR180W
CIR2,YOR356W
SIA1,YOR137C
YBT1,YLL048C
INM1,YHR046C
TED1,YIL039W
MVP1,YMR004W
HMX1,YLR205C
PRM1,YNL279W
LEU5,YHR002W
GLN4,YOR168W
VPH1,YOR270C
RIM9,YMR063W
SCY1,YGL083W
FLX1,YIL134W
ADI1,YMR009W
PET112,YBL080C
CAF16,YFL028C
YNG1,YOR064C
SVF1,YDR346C
CDC24,YAL041W
ENT1,YDL161W
GIN4,YDR507C
PTK1,YKL198C
RMR1,YGL250W
IRC10,YOL015W
LYS20,YDL182W
FBA1,YKL060C
FAF1,YIL019W
TOM7,YNL070W
PDR15,YDR406W
RPS9B,YBR189W
NUP42,YDR192C
PMP2,YEL017C-A
STN1,YDR082W
ORM2,YLR350W
TMA10,YLR327C
BCP1,YDR361C
PDC1,YLR044C
ARP10,YDR106W
TMC1,YOR052C
MF(ALPHA)1,YPL187W
SWI6,YLR182W
KIC1,YHR102W
YIA6,YIL006W
AIM21,YIR003W
APN1,YKL114C
HXT8,YJL214W
PPM2,YOL141W
BRE5,YNR051C
COX5B,YIL111W
CLP1,YOR250C
GUP2,YPL189W
AIR1,YIL079C
TCD1,YHR003C
SMP1,YBR182C
EXG1,YLR300W
TRE2,YOR256C
RPL14B,YHL001W
NAM7,YMR080C
GRX1,YCL035C
GET2,YER083C
SDS22,YKL193C
MES1,YGR264C
RRT14,YIL127C
CUL3,YGR003W
PRY2,YKR013W
CDC42,YLR229C
PSA1,YDL055C
UTR2,YEL040W
BIM1,YER016W
PIC2,YER053C
SEN1,YLR430W
ARO1,YDR127W
CHL1,YPL008W
QCR7,YDR529C
SPC19,YDR201W
TFC8,YPL007C
FAD1,YDL045C
TMN2,YDR107C
MSR1,YHR091C
PRO2,YOR323C
RNY1,YPL123C
APC11,YDL008W
ECM18,YDR125C
ISU2,YOR226C
AIM41,YOR215C
HCM1,YCR065W
NUP53,YMR153W
ALE1,YOR175C
CAT5,YOR125C
SPP1,YPL138C
CDC8,YJR057W
TBS1,YBR150C
RNH70,YGR276C
HCS1,YKL017C
PAU2,YEL049W
SWM2,YNR004W
YFH1,YDL120W
MSN1,YOL116W
CKS1,YBR135W
EEB1,YPL095C
LIP1,YMR298W
SRB5,YGR104C
LPL1,YOR059C
TOP3,YLR234W
KGD2,YDR148C
RPB10,YOR210W
PUN1,YLR414C
RPL36A,YMR194W
GYP1,YOR070C
FMP27,YLR454W
MPC1,YGL080W
SEC62,YPL094C
NCB2,YDR397C
FRA1,YLL029W
RRP36,YOR287C
RIA1,YNL163C
GGA2,YHR108W
TGL4,YKR089C
YHB1,YGR234W
NSE1,YLR007W
PET127,YOR017W
LSO1,YJR005C-A
TGL3,YMR313C
NOP6,YDL213C
BET5,YML077W
GTT1,YIR038C
LEO1,YOR123C
TOS8,YGL096W
KEX2,YNL238W
HUB1,YNR032C-A
RCF2,YNR018W
HXT2,YMR011W
GTR2,YGR163W
STE5,YDR103W
BIO3,YNR058W
MED1,YPR070W
TUB1,YML085C
CLF1,YLR117C
OXA1,YER154W
NET1,YJL076W
NAT1,YDL040C
RPP2B,YDR382W
ANS1,YHR126C
PRE2,YPR103W
TRS31,YDR472W
PLP1,YDR183W
SLS1,YLR139C
EMG1,YLR186W
AHA1,YDR214W
SIP5,YMR140W
HTD2,YHR067W
ARR2,YPR200C
FLR1,YBR008C
CCW12,YLR110C
TAH11,YJR046W
RPN14,YGL004C
DSK2,YMR276W
TUM1,YOR251C
PUS7,YOR243C
TRM7,YBR061C
TRM8,YDL201W
UBP5,YER144C
LNP1,YHR192W
TUF1,YOR187W
TEM1,YML064C
CMR3,YPR013C
APL4,YPR029C
UTR1,YJR049C
CNM67,YNL225C
DNF3,YMR162C
YEH2,YLR020C
MCM2,YBL023C
VOA1,YGR106C
SIM1,YIL123W
UTP15,YMR093W
URE2,YNL229C
DBP3,YGL078C
MFA1,YDR461W
DIB1,YPR082C
SYC1,YOR179C
SKN1,YGR143W
ARP6,YLR085C
FES1,YBR101C
QCR9,YGR183C
NOP16,YER002W
ICT1,YLR099C
CHD1,YER164W
FBP26,YJL155C
SLU7,YDR088C
SRO9,YCL037C
PDH1,YPR002W
SSM4,YIL030C
POM152,YMR129W
VAN1,YML115C
YMR1,YJR110W
DPM1,YPR183W
MRL1,YPR079W
RGA1,YOR127W
EDC1,YGL222C
CDC4,YFL009W
IRC21,YMR073C
VPS29,YHR012W
VRG4,YGL225W
RCO1,YMR075W
ERG3,YLR056W
RSC2,YLR357W
MID2,YLR332W
FRK1,YPL141C
CSF1,YLR087C
CMC4,YMR194C-B
ERB1,YMR049C
POP8,YBL018C
PDP3,YLR455W
CYC3,YAL039C
RHO5,YNL180C
RPS23B,YPR132W
LAS21,YJL062W
GPD1,YDL022W
NUR1,YDL089W
RPS20,YHL015W
ERG26,YGL001C
EMI1,YDR512C
PMP1,YCR024C-A
COX11,YPL132W
MSH2,YOL090W
HSP30,YCR021C
ARO4,YBR249C
GCN4,YEL009C
SSN3,YPL042C
SNU23,YDL098C
NPR2,YEL062W
BUD17,YNR027W
PSY3,YLR376C
BOP2,YLR267W
PEX22,YAL055W
POA1,YBR022W
STB6,YKL072W
AMN1,YBR158W
KDX1,YKL161C
RAX2,YLR084C
RIT1,YMR283C
MDH2,YOL126C
GAT4,YIR013C
INP53,YOR109W
PXR1,YGR280C
SPT2,YER161C
NPT1,YOR209C
GLO2,YDR272W
URK1,YNR012W
SRB7,YDR308C
SPP41,YDR464W
SSH1,YBR283C
DBP9,YLR276C
RPL41B,YDL133C-A
GOT1,YMR292W
PRM5,YIL117C
ARP3,YJR065C
JJJ2,YJL162C
POL2,YNL262W
VPH2,YKL119C
GCS1,YDL226C
FIG4,YNL325C
CIT2,YCR005C
PCL10,YGL134W
MSS4,YDR208W
PAP2,YOL115W
DEG1,YFL001W
MDY2,YOL111C
RPT5,YOR117W
RPN11,YFR004W
VAC8,YEL013W
BCY1,YIL033C
INA1,YLR413W
TRM112,YNR046W
VIK1,YPL253C
APS1,YLR170C
NCE103,YNL036W
POP7,YBR167C
SSF1,YHR066W
NST1,YNL091W
YKU80,YMR106C
PFA5,YDR459C
CSM1,YCR086W
PGM1,YKL127W
ESL1,YIL151C
CLC1,YGR167W
PHB2,YGR231C
THI2,YBR240C
MTH1,YDR277C
FUI1,YBL042C
CHS6,YJL099W
GCD11,YER025W
CAB2,YIL083C
SMA2,YML066C
SQS1,YNL224C
CDS1,YBR029C
RRG1,YDR065W
SFM1,YOR021C
SOH1,YGL127C
CWC23,YGL128C
MSC7,YHR039C
SDC1,YDR469W
BET3,YKR068C
DHR2,YKL078W
HUR1,YGL168W
BAS1,YKR099W
DCR2,YLR361C
ALG8,YOR067C
GPP2,YER062C
NOP19,YGR251W
PHM7,YOL084W
PHB1,YGR132C
CBS1,YDL069C
GAL80,YML051W
GSH1,YJL101C
RPS29B,YDL061C
MDL1,YLR188W
RCL1,YOL010W
MIX23,YBL107C
ATX2,YOR079C
FOL3,YMR113W
PCL6,YER059W
CCA1,YER168C
TRS130,YMR218C
DAL4,YIR028W
DLT1,YMR126C
DMC1,YER179W
RER2,YBR002C
SLY41,YOR307C
VPS25,YJR102C
NSP1,YJL041W
COQ9,YLR201C
NAM9,YNL137C
IRC20,YLR247C
HSP78,YDR258C
GAA1,YLR088W
GDH3,YAL062W
PGC1,YPL206C
SSL2,YIL143C
EMW1,YNL313C
FAA1,YOR317W
XRS2,YDR369C
RFA1,YAR007C
MRS4,YKR052C
DIP5,YPL265W
FAA2,YER015W
GTO1,YGR154C
RAX1,YOR301W
PAN3,YKL025C
HSH155,YMR288W
ORC1,YML065W
FOX2,YKR009C
POL30,YBR088C
FAL1,YDR021W
PET100,YDR079W
PHO80,YOL001W
PAN1,YIR006C
FLO9,YAL063C
WRS1,YOL097C
SPT15,YER148W
PGM2,YMR105C
SEC9,YGR009C
RNT1,YMR239C
GPA1,YHR005C
FCY2,YER056C
RPO26,YPR187W
THI21,YPL258C
HRD1,YOL013C
AIR2,YDL175C
POG1,YIL122W
ROM2,YLR371W
SKS1,YPL026C
STE3,YKL178C
FOL2,YGR267C
PRP38,YGR075C
LDB16,YCL005W
COS10,YNR075W
SUT2,YPR009W
RPT6,YGL048C
HOP1,YIL072W
PAH1,YMR165C
RDS3,YPR094W
EMC6,YLL014W
TFB6,YOR352W
BRR2,YER172C
DUG2,YBR281C
SUA7,YPR086W
ORC2,YBR060C
HPF1,YOL155C
UBP11,YKR098C
TFC4,YGR047C
TRM10,YOL093W
TCM62,YBR044C
RPA34,YJL148W
SYF2,YGR129W
AAH1,YNL141W
YMR31,YFR049W
SDH5,YOL071W
PEP8,YJL053W
FRE4,YNR060W
MGA1,YGR249W
SUM1,YDR310C
INP51,YIL002C
UGX2,YDL169C
RPL40A,YIL148W
ISC10,YER180C
GRX2,YDR513W
MET13,YGL125W
SSO1,YPL232W
INA22,YIR024C
TAF8,YML114C
OST3,YOR085W
COX23,YHR116W
SAP1,YER047C
PCL2,YDL127W
PFY1,YOR122C
SSO2,YMR183C
RPL8A,YHL033C
RMI1,YPL024W
PLB3,YOL011W
ISU1,YPL135W
RAV2,YDR202C
FZF1,YGL254W
ECM29,YHL030W
HXT7,YDR342C
CPR8,YNR028W
ORC3,YLL004W
TUP1,YCR084C
MRC1,YCL061C
PEP1,YBL017C
YME2,YMR302C
TEC1,YBR083W
UBP6,YFR010W
NCE102,YPR149W
ALO1,YML086C
SLO1,YER180C-A
CCS1,YMR038C
PHO8,YDR481C
UBC8,YEL012W
UGA3,YDL170W
YOS9,YDR057W
INA17,YPL099C
CDC37,YDR168W
RIM2,YBR192W
NMA1,YLR328W
BDP1,YNL039W
SEC11,YIR022W
SOK1,YDR006C
AMF1,YOR378W
TIM11,YDR322C-A
YOX1,YML027W
GAL4,YPL248C
NPP1,YCR026C
PRO1,YDR300C
MRPL36,YBR122C
VMA16,YHR026W
RFC2,YJR068W
PUS1,YPL212C
URA4,YLR420W
CPR6,YLR216C
SMT3,YDR510W
ARG81,YML099C
CSM2,YIL132C
PTP2,YOR208W
YAP3,YHL009C
ALG12,YNR030W
MSB4,YOL112W
GYP5,YPL249C
AIM23,YJL131C
UBP12,YJL197W
RFU1,YLR073C
ALG7,YBR243C
RPL21B,YPL079W
SKP1,YDR328C
CRD1,YDL142C
ALF1,YNL148C
DAD2,YKR083C
MGM101,YJR144W
LOA1,YPR139C
RPL4A,YBR031W
RAD28,YDR030C
ITT1,YML068W
RTC1,YOL138C
UBA4,YHR111W
PMT3,YOR321W
VPS64,YDR200C
NSE5,YML023C
FRE5,YOR384W
TRP5,YGL026C
NUP49,YGL172W
GIC2,YDR309C
SOP4,YJL192C
SIP3,YNL257C
FMP10,YER182W
NAS2,YIL007C
SEG2,YKL105C
NVJ2,YPR091C
SND2,YLR065C
CEP3,YMR168C
MLF3,YNL074C
MNT2,YGL257C
CTF8,YHR191C
SCM3,YDL139C
TRP2,YER090W
MRK1,YDL079C
FYV10,YIL097W
NEO1,YIL048W
NFI1,YOR156C
CDC53,YDL132W
ILV6,YCL009C
GLN3,YER040W
GLC7,YER133W
STV1,YMR054W
SPG3,YDR504C
SLI1,YGR212W
RAD18,YCR066W
IFH1,YLR223C
ARN1,YHL040C
PEA2,YER149C
PRP9,YDL030W
SDH1,YKL148C
HAS1,YMR290C
RPS11A,YDR025W
CDA2,YLR308W
MNT4,YNR059W
UTP4,YDR324C
TRM1,YDR120C
PRP16,YKR086W
TOS1,YBR162C
SEN2,YLR105C
AAT2,YLR027C
ASN2,YGR124W
IPP1,YBR011C
AIM46,YHR199C
GLK1,YCL040W
MCM3,YEL032W
FMC1,YIL098C
MAL13,YGR288W
BDF1,YLR399C
MRPS28,YDR337W
FAS1,YKL182W
GAT2,YMR136W
LGE1,YPL055C
MRS2,YOR334W
JHD2,YJR119C
ASK10,YGR097W
URA2,YJL130C
LSO2,YGR169C-A
YCG1,YDR325W
AKR2,YOR034C
MAM33,YIL070C
NRG2,YBR066C
ZDS1,YMR273C
SHB17,YKR043C
GAD1,YMR250W
IME2,YJL106W
PEF1,YGR058W
VPS60,YDR486C
GEF1,YJR040W
BUL1,YMR275C
KRE28,YDR532C
UTP14,YML093W
MLC1,YGL106W
FPR3,YML074C
SEC66,YBR171W
RSC58,YLR033W
VHC1,YBR235W
MNE1,YOR350C
COX7,YMR256C
CDC55,YGL190C
ECM8,YBR076W
TIF5,YPR041W
RPS28A,YOR167C
MPA43,YNL249C
SHE2,YKL130C
ERC1,YHR032W
RPS6B,YBR181C
SEC72,YLR292C
ALT1,YLR089C
CYC2,YOR037W
SKG6,YHR149C
UFD2,YDL190C
YAP5,YIR018W
ARC19,YKL013C
RVS161,YCR009C
QRI7,YDL104C
MET12,YPL023C
TIM13,YGR181W
SPO73,YER046W
DAL3,YIR032C
STP22,YCL008C
RSM28,YDR494W
SWI5,YDR146C
URN1,YPR152C
VAM7,YGL212W
APN2,YBL019W
FRQ1,YDR373W
PRY1,YJL079C
MPC2,YHR162W
MPS2,YGL075C
LYP1,YNL268W
TMA23,YMR269W
CYM1,YDR430C
MDG1,YNL173C
PBA1,YLR199C
HXT10,YFL011W
SEC1,YDR164C
LOT6,YLR011W
LEE1,YPL054W
PYK2,YOR347C
ARG8,YOL140W
PGD1,YGL025C
GPI12,YMR281W
ATG36,YJL185C
KRE5,YOR336W
MGA2,YIR033W
HSL7,YBR133C
XDJ1,YLR090W
YPP1,YGR198W
CBF5,YLR175W
YSR3,YKR053C
YPD1,YDL235C
HEM3,YDL205C
RGM1,YMR182C
BCD1,YHR040W
TIF4632,YGL049C
VAM10,YOR068C
IRC3,YDR332W
PRE10,YOR362C
VPS34,YLR240W
TMA46,YOR091W
GIS2,YNL255C
PRK1,YIL095W
VPS35,YJL154C
RIP1,YEL024W
MET1,YKR069W
MAK32,YCR019W
DAL81,YIR023W
SAW1,YAL027W
ERG1,YGR175C
ELG1,YOR144C
ILV3,YJR016C
OM14,YBR230C
MOB2,YFL034C-B
RIO1,YOR119C
AAT1,YKL106W
PHR1,YOR386W
DIA1,YMR316W
STE13,YOR219C
IKI3,YLR384C
RRF1,YHR038W
HXK2,YGL253W
CNA1,YLR433C
RPN3,YER021W
CNS1,YBR155W
PAA1,YDR071C
RRN6,YBL014C
SUI1,YNL244C
PKP1,YIL042C
EAP1,YKL204W
YIM1,YMR152W
PAT1,YCR077C
HRK1,YOR267C
IOC2,YLR095C
HIF1,YLL022C
DBP7,YKR024C
KTI11,YBL071W-A
RPS0A,YGR214W
OST5,YGL226C-A
TEF4,YKL081W
HBS1,YKR084C
TAD2,YJL035C
SPO77,YLR341W
RPN9,YDR427W
DAN1,YJR150C
TSC11,YER093C
BET1,YIL004C
FMO1,YHR176W
DSE4,YNR067C
IRR1,YIL026C
LOC1,YFR001W
BPH1,YCR032W
ADH2,YMR303C
BAP3,YDR046C
SGS1,YMR190C
REC104,YHR157W
RPP1B,YDL130W
SSP1,YHR184W
TFB3,YDR460W
RRI2,YOL117W
ERG13,YML126C
SPO11,YHL022C
HER2,YMR293C
RAD59,YDL059C
ADH1,YOL086C
ECM5,YMR176W
SAM3,YPL274W
SMI1,YGR229C
PKH1,YDR490C
NCP1,YHR042W
JJJ3,YJR097W
HUG1,YML058W-A
RIB5,YBR256C
SRP21,YKL122C
FRD1,YEL047C
UMP1,YBR173C
VPS20,YMR077C
MUP1,YGR055W
MRS3,YJL133W
GND1,YHR183W
RPS18B,YML026C
FYV6,YNL133C
GSY2,YLR258W
SPI1,YER150W
URA5,YML106W
ORT1,YOR130C
SMC3,YJL074C
ADH7,YCR105W
RPS11B,YBR048W
MFT1,YML062C
GUF1,YLR289W
NTH2,YBR001C
SHH4,YLR164W
NAF1,YNL124W
MET32,YDR253C
TIS11,YLR136C
AIM39,YOL053W
SMA1,YPL027W
RPS19B,YNL302C
POB3,YML069W
ARG1,YOL058W
RRP17,YDR412W
INO1,YJL153C
EAF3,YPR023C
RGI2,YIL057C
PRS5,YOL061W
COQ3,YOL096C
CLG1,YGL215W
SPE3,YPR069C
PPT2,YPL148C
YHM2,YMR241W
NUP159,YIL115C
MUS81,YDR386W
STE23,YLR389C
ZWF1,YNL241C
URA1,YKL216W
PTC4,YBR125C
PML39,YML107C
SEG1,YMR086W
TCB2,YNL087W
GRX7,YBR014C
RPL17A,YKL180W
UBP10,YNL186W
RRN11,YML043C
RUP1,YOR138C
ASC1,YMR116C
YAE1,YJR067C
HAL9,YOL089C
ENT4,YLL038C
SLF1,YDR515W
LCB4,YOR171C
VPS24,YKL041W
GAP1,YKR039W
NIS1,YNL078W
MSL5,YLR116W
DAN4,YJR151C
ELO2,YCR034W
GRX6,YDL010W
YML6,YML025C
DGK1,YOR311C
YPT10,YBR264C
UBP14,YBR058C
GON7,YJL184W
HMRA1,YCR097W
DFM1,YDR411C
GTF1,YGR102C
LOT5,YKL183W
CWH41,YGL027C
TIF4631,YGR162W
TDA5,YLR426W
IFM1,YOL023W
SDH7,YDR511W
PCP1,YGR101W
IMD2,YHR216W
KES1,YPL145C
VAC7,YNL054W
SDO1,YLR022C
DAL5,YJR152W
VID30,YGL227W
RPL5,YPL131W
GCD6,YDR211W
MPE1,YKL059C
PPH3,YDR075W
CTF19,YPL018W
MIC10,YCL057C-A
YPS1,YLR120C
DCP2,YNL118C
CMR1,YDL156W
YHP1,YDR451C
SPO1,YNL012W
MAL31,YBR298C
RPL9A,YGL147C
FMP46,YKR049C
DBF4,YDR052C
SAY1,YGR263C
GDH1,YOR375C
ICE2,YIL090W
RPP0,YLR340W
PUF3,YLL013C
CPD1,YGR247W
NUP82,YJL061W
RAD4,YER162C
EMC5,YIL027C
PRE5,YMR314W
TAF5,YBR198C
SLD7,YOR060C
ARA1,YBR149W
MTC1,YJL123C
YPK3,YBR028C
SSP2,YOR242C
PMA1,YGL008C
MAS2,YHR024C
CIN1,YOR349W
BLM10,YFL007W
SOM1,YEL059C-A
PDR8,YLR266C
RFA2,YNL312W
NUP157,YER105C
TDP1,YBR223C
STI1,YOR027W
NPL6,YMR091C
TPT1,YOL102C
GSP2,YOR185C
AVO1,YOL078W
SDH6,YDR379C-A
RPL15A,YLR029C
PUT1,YLR142W
PUB1,YNL016W
IRC6,YFR043C
PAU5,YFL020C
COQ6,YGR255C
DMA2,YNL116W
PAN2,YGL094C
RPL40B,YKR094C
RPN10,YHR200W
MHF1,YOL086W-A
UBP2,YOR124C
HIM1,YDR317W
SMD2,YLR275W
RBA50,YDR527W
TIM50,YPL063W
SHO1,YER118C
FMP41,YNL168C
GAS2,YLR343W
NUP116,YMR047C
ULS1,YOR191W
SLN1,YIL147C
RIC1,YLR039C
DFG10,YIL049W
GUK1,YDR454C
SFH5,YJL145W
SRF1,YDL133W
RPS24B,YIL069C
OCA6,YDR067C
PIN4,YBL051C
RAD54,YGL163C
MGM1,YOR211C
UME1,YPL139C
PCL1,YNL289W
ATP17,YDR377W
SRB6,YBR253W
RPL31B,YLR406C
ADE6,YGR061C
HSM3,YBR272C
MTL1,YGR023W
ALD2,YMR170C
SPE4,YLR146C
MRP8,YKL142W
AIM18,YHR198C
LDO16,YMR148W
CTR9,YOL145C
CIT3,YPR001W
SEC2,YNL272C
HMS1,YOR032C
RTN1,YDR233C
DPH5,YLR172C
APM3,YBR288C
LSM3,YLR438C-A
RPL16B,YNL069C
MRM1,YOR201C
PEX30,YLR324W
HEM13,YDR044W
EMP47,YFL048C
FSH2,YMR222C
PUS6,YGR169C
TES1,YJR019C
NCL1,YBL024W
DRS2,YAL026C
OCA2,YNL056W
CBC2,YPL178W
TRR1,YDR353W
GDA1,YEL042W
ARK1,YNL020C
SNF8,YPL002C
ERG29,YMR134W
HOL1,YNR055C
MET17,YLR303W
PET130,YJL023C
HAP1,YLR256W
GOS1,YHL031C
DOA1,YKL213C
HED1,YDR014W-A
ESP1,YGR098C
KTR7,YIL085C
REX4,YOL080C
MMS1,YPR164W
PSY4,YBL046W
FMP33,YJL161W
MKK2,YPL140C
SEC15,YGL233W
BNS1,YGR230W
NNF2,YGR089W
OKP1,YGR179C
NDD1,YOR372C
ZTA1,YBR046C
SPO23,YBR250W
HOM3,YER052C
COX6,YHR051W
MTM1,YGR257C
RPB8,YOR224C
HMF1,YER057C
USA1,YML029W
PGA3,YML125C
EFG1,YGR271C-A
TOP1,YOL006C
PTC2,YER089C
REB1,YBR049C
CRG1,YHR209W
PUS5,YLR165C
POF1,YCL047C
CHZ1,YER030W
RPL13B,YMR142C
CMS1,YLR003C
USE1,YGL098W
CSN9,YDR179C
GMC2,YLR445W
FAR8,YMR029C
RPL35B,YDL136W
RBK1,YCR036W
SMC4,YLR086W
UME6,YDR207C
COX15,YER141W
ESF2,YNR054C
RIM15,YFL033C
KRS1,YDR037W
BUD8,YLR353W
MNN10,YDR245W
IRC25,YLR021W
PEX10,YDR265W
IRC7,YFR055W
FUR1,YHR128W
JEM1,YJL073W
DBF2,YGR092W
NPC2,YDL046W
ARE1,YCR048W
RIB1,YBL033C
IMD3,YLR432W
MTF1,YMR228W
VPS33,YLR396C
NUP85,YJR042W
COA6,YMR244C-A
ESC1,YMR219W
YET1,YKL065C
SYO1,YDL063C
DBF20,YPR111W
CBP6,YBR120C
RMD5,YDR255C
ATG18,YFR021W
SGE1,YPR198W
GAB1,YLR459W
ISA2,YPR067W
MRPL22,YNL177C
GCD2,YGR083C
RIM11,YMR139W
YPI1,YFR003C
VHS3,YOR054C
NTG2,YOL043C
GFA1,YKL104C
STE4,YOR212W
BRR6,YGL247W
PXA1,YPL147W
AIM44,YPL158C
BOR1,YNL275W
RPO41,YFL036W
TEL2,YGR099W
FAP1,YNL023C
CYT2,YKL087C
MRPL38,YKL170W
OAZ1,YPL052W
GTS1,YGL181W
BUB2,YMR055C
NTO1,YPR031W
SBA1,YKL117W
IST1,YNL265C
RPS26B,YER131W
FET4,YMR319C
MSA1,YOR066W
DPH2,YKL191W
ERG9,YHR190W
HUT1,YPL244C
LDS1,YAL018C
ROG3,YFR022W
MSW1,YDR268W
CEM1,YER061C
SNU56,YDR240C
HRT3,YLR097C
ALG9,YNL219C
ECM30,YLR436C
KAR9,YPL269W
MSF1,YPR047W
TFA1,YKL028W
MLH2,YLR035C
PRE6,YOL038W
RTT103,YDR289C
LIP2,YLR239C
ATG13,YPR185W
CCT6,YDR188W
OGG1,YML060W
SPO22,YIL073C
SRO77,YBL106C
SPS18,YNL204C
THI20,YOL055C
VEL1,YGL258W
COX5A,YNL052W
NOP4,YPL043W
MCH2,YKL221W
DNL4,YOR005C
RBG2,YGR173W
SHE4,YOR035C
SPL2,YHR136C
EMP46,YLR080W
AVT4,YNL101W
IML2,YJL082W
PRC1,YMR297W
ATG22,YCL038C
YUR1,YJL139C
LDB18,YLL049W
UBX6,YJL048C
CMC1,YKL137W
PCL9,YDL179W
RLP24,YLR009W
RPL32,YBL092W
CWC2,YDL209C
HDA1,YNL021W
DBP2,YNL112W
SNU66,YOR308C
OAC1,YKL120W
SAT4,YCR008W
CAM1,YPL048W
HTZ1,YOL012C
RPS24A,YER074W
KKQ8,YKL168C
ZRG8,YER033C
KTR5,YNL029C
DIC1,YLR348C
PSD1,YNL169C
HIS4,YCL030C
MFM1,YPL060W
RTT105,YER104W
NOB1,YOR056C
ZIP1,YDR285W
NRM1,YNR009W
WTM1,YOR230W
CQD2,YLR253W
PRP11,YDL043C
SUE1,YPR151C
GLO3,YER122C
RTS3,YGR161C
LPP1,YDR503C
AVT1,YJR001W
MDM36,YPR083W
NOP56,YLR197W
AZF1,YOR113W
ISF1,YMR081C
FUN30,YAL019W
UTP23,YOR004W
SGO1,YOR073W
NHA1,YLR138W
FRE2,YKL220C
TAO3,YIL129C
CCC1,YLR220W
EGT2,YNL327W
VRP1,YLR337C
SNF2,YOR290C
SOK2,YMR016C
REX2,YLR059C
TDH2,YJR009C
DGR2,YKL121W
URA10,YMR271C
YPT53,YNL093W
LAA1,YJL207C
VTC4,YJL012C
SSP120,YLR250W
DJP1,YIR004W
ACC1,YNR016C
GCR2,YNL199C
RPC11,YDR045C
YHK8,YHR048W
OXR1,YPL196W
VHT1,YGR065C
RRP15,YPR143W
MTR4,YJL050W
CWC21,YDR482C
SMY1,YKL079W
ATG16,YMR159C
NBP2,YDR162C
QDR1,YIL120W
BNI4,YNL233W
CSH1,YBR161W
ACS1,YAL054C
CAC2,YML102W
RPS27A,YKL156W
PMP3,YDR276C
HDA2,YDR295C
SEC20,YDR498C
TGL2,YDR058C
COF1,YLL050C
TEF1,YPR080W
SEC59,YMR013C
KAR5,YMR065W
AXL2,YIL140W
TFA2,YKR062W
NDJ1,YOL104C
RPL21A,YBR191W
DCS2,YOR173W
YSY6,YBR162W-A
MMT1,YMR177W
BZZ1,YHR114W
IST2,YBR086C
GNT1,YOR320C
GRE3,YHR104W
INP54,YOL065C
RRN7,YJL025W
PMT6,YGR199W
PRM9,YAR031W
UBC11,YOR339C
RPL43B,YJR094W-A
HUL4,YJR036C
RPL2A,YFR031C-A
DTD1,YDL219W
MST27,YGL051W
VPS71,YML041C
UBI4,YLL039C
PMS1,YNL082W
HUA1,YGR268C
LCB2,YDR062W
RPH1,YER169W
PMC1,YGL006W
YPT11,YNL304W
PAL1,YDR348C
PPZ2,YDR436W
MTG2,YHR168W
SEC14,YMR079W
TOA1,YOR194C
CSC1,YLR241W
TYE7,YOR344C
URA6,YKL024C
AEP3,YPL005W
GSM1,YJL103C
ICY1,YMR195W
KAP95,YLR347C
NGG1,YDR176W
ERT1,YBR239C
CBP1,YJL209W
RPS25B,YLR333C
MAK5,YBR142W
RPL13A,YDL082W
HCR1,YLR192C
SPP381,YBR152W
DAL80,YKR034W
SOL2,YCR073W-A
IMA1,YGR287C
STB3,YDR169C
RRB1,YMR131C
STU2,YLR045C
PMT1,YDL095W
TAF12,YDR145W
TRM732,YMR259C
SWH1,YAR042W
GUP1,YGL084C
UBR2,YLR024C
HOS4,YIL112W
BMS1,YPL217C
PHO84,YML123C
YIP3,YNL044W
TIM9,YEL020W-A
IMG2,YCR071C
RET1,YOR207C
SPO7,YAL009W
APA1,YCL050C
RNP1,YLL046C
RRD2,YPL152W
VHS2,YIL135C
NAT2,YGR147C
SPO16,YHR153C
YPK1,YKL126W
RET3,YPL010W
LEU4,YNL104C
YPC1,YBR183W
SPP2,YOR148C
ARP9,YMR033W
PDR12,YPL058C
ISD11,YER048W-A
MDM12,YOL009C
TYR1,YBR166C
BST1,YFL025C
EFM4,YIL064W
ALY1,YKR021W
PRS2,YER099C
SPH1,YLR313C
PFK2,YMR205C
MRP10,YDL045W-A
VAC14,YLR386W
RLI1,YDR091C
CDC5,YMR001C
NHP6A,YPR052C
ATP16,YDL004W
CDC40,YDR364C
PTH1,YHR189W
FHL1,YPR104C
SPC97,YHR172W
SEA4,YBL104C
RPL10,YLR075W
ATP18,YML081C-A
ARC18,YLR370C
SMX3,YPR182W
TRX2,YGR209C
ARP5,YNL059C
SLP1,YOR154W
RFC5,YBR087W
CAF120,YNL278W
POM34,YLR018C
PHM8,YER037W
DPL1,YDR294C
JJJ1,YNL227C
SRX1,YKL086W
PHO81,YGR233C
RRT2,YBR246W
SCP160,YJL080C
ERD1,YDR414C
NIP7,YPL211W
SAC3,YDR159W
YPT6,YLR262C
DCW1,YKL046C
BLI1,YKL061W
CSM3,YMR048W
CSL4,YNL232W
SRP72,YPL210C
SPB4,YFL002C
GCD1,YOR260W
CWC15,YDR163W
GPR1,YDL035C
LTP1,YPR073C
RPS16B,YDL083C
PTC7,YHR076W
SGM1,YJR134C
ALK1,YGL021W
YKE2,YLR200W
PHO89,YBR296C
YPQ1,YOL092W
SET3,YKR029C
TCA17,YEL048C
RTG3,YBL103C
PIB1,YDR313C
DAL1,YIR027C
FLO1,YAR050W
SEC12,YNR026C
AIM25,YJR100C
PTM1,YKL039W
SEC17,YBL050W
SEC27,YGL137W
WSS1,YHR134W
YCK1,YHR135C
RAD27,YKL113C
DAL2,YIR029W
HIS3,YOR202W
PAM1,YDR251W
SEC6,YIL068C
SAC6,YDR129C
TFB5,YDR079C-A
BUL2,YML111W
PIF1,YML061C
THR4,YCR053W
QNS1,YHR074W
DML1,YMR211W
YGP1,YNL160W
DCN1,YLR128W
PNS1,YOR161C
MGT1,YDL200C
CDC26,YFR036W
MIF2,YKL089W
SVP26,YHR181W
RPL22A,YLR061W
FLO5,YHR211W
BTT1,YDR252W
DID2,YKR035W-A
NSA2,YER126C
MRP21,YBL090W
RPD3,YNL330C
MBA1,YBR185C
SER3,YER081W
MPM1,YJL066C
STB2,YMR053C
GLO1,YML004C
MED11,YMR112C
RTC2,YBR147W
IRC4,YDR540C
EXO5,YBR163W
FIT2,YOR382W
VID22,YLR373C
RPS18A,YDR450W
MLH3,YPL164C
GPM1,YKL152C
AIM32,YML050W
GPT2,YKR067W
PET20,YPL159C
NPL3,YDR432W
IRC23,YOR044W
DUS3,YLR401C
FMN1,YDR236C
MRD1,YPR112C
SDP1,YIL113W
UTR4,YEL038W
GTT2,YLL060C
LSM5,YER146W
MRPL13,YKR006C
RPS28B,YLR264W
VPS70,YJR126C
MSK1,YNL073W
TOP2,YNL088W
YIP1,YGR172C
ECM21,YBL101C
TMA16,YOR252W
TSR2,YLR435W
DIF1,YLR437C
BEM1,YBR200W
SLX4,YLR135W
RAD26,YJR035W
DYN3,YMR299C
SWD2,YKL018W
KCH1,YJR054W
RTF1,YGL244W
AHP1,YLR109W
DPB2,YPR175W
CBS2,YDR197W
MNN1,YER001W
PHO92,YDR374C
CDC19,YAL038W
CLB2,YPR119W
USV1,YPL230W
PEP7,YDR323C
RPS30B,YOR182C
SEC28,YIL076W
TVP15,YDR100W
SLG1,YOR008C
RRP46,YGR095C
CHL4,YDR254W
TOF1,YNL273W
CPT1,YNL130C
MRP13,YGR084C
SET6,YPL165C
SRP101,YDR292C
RPL1B,YGL135W
UBC9,YDL064W
ATO3,YDR384C
KRE1,YNL322C
CCT4,YDL143W
ARP4,YJL081C
SOD1,YJR104C
HST3,YOR025W
TSA2,YDR453C
FLC2,YAL053W
RPL29,YFR032C-A
RIM21,YNL294C
YCK3,YER123W
ASN1,YPR145W
DAM1,YGR113W
PYC1,YGL062W
ASP1,YDR321W
MTD1,YKR080W
ECM15,YBL001C
SLH1,YGR271W
SWP82,YFL049W
MCM22,YJR135C
PAM18,YLR008C
SLX9,YGR081C
THI80,YOR143C
JEN1,YKL217W
PCD1,YLR151C
RHO1,YPR165W
GMH1,YKR030W
GAS4,YOL132W
NBP35,YGL091C
ADH4,YGL256W
SET4,YJL105W
SSB1,YDL229W
EUG1,YDR518W
OMA1,YKR087C
ADK1,YDR226W
PEP4,YPL154C
IMA5,YJL216C
DDR2,YOL052C-A
PPE1,YHR075C
CGI121,YML036W
GPI10,YGL142C
NRD1,YNL251C
RPN1,YHR027C
GID7,YCL039W
TOS6,YNL300W
YFH7,YFR007W
SNF6,YHL025W
EGD1,YPL037C
GIM5,YML094W
ATP4,YPL078C
HAC1,YFL031W
RTS1,YOR014W
CBP4,YGR174C
CTR1,YPR124W
PSF2,YJL072C
RSA3,YLR221C
HPM1,YIL110W
GPN2,YOR262W
YND1,YER005W
CDC45,YLR103C
CAF4,YKR036C
MIX17,YMR002W
ART5,YGR068C
SHM2,YLR058C
PDE2,YOR360C
STB1,YNL309W
COG1,YGL223C
HYR1,YIR037W
HPR1,YDR138W
SPS1,YDR523C
MCK1,YNL307C
PSF3,YOL146W
SSY5,YJL156C
SCJ1,YMR214W
TRS65,YGR166W
SIW14,YNL032W
OPT1,YJL212C
SAE3,YHR079C-A
SOG2,YOR353C
UBX7,YBR273C
RPN7,YPR108W
SNF4,YGL115W
IVY1,YDR229W
POP5,YAL033W
PFA3,YNL326C
STR3,YGL184C
TSC3,YBR058C-A
MDM31,YHR194W
RPC31,YNL151C
RPL30,YGL030W
AQR1,YNL065W
HIT1,YJR055W
BMH1,YER177W
VMA8,YEL051W
RIM1,YCR028C-A
UBP13,YBL067C
PRM15,YMR278W
ADE8,YDR408C
FSF1,YOR271C
SRO7,YPR032W
PAP1,YKR002W
GLC3,YEL011W
KIN82,YCR091W
PIR3,YKL163W
RPL11B,YGR085C
RPS15,YOL040C
TSA1,YML028W
VPS73,YGL104C
COX16,YJL003W
SFG1,YOR315W
SQT1,YIR012W
YVC1,YOR087W
WAR1,YML076C
LSM4,YER112W
NAS6,YGR232W
ROY1,YMR258C
RIM101,YHL027W
VMA6,YLR447C
NDI1,YML120C
CDC20,YGL116W
DCD1,YHR144C
SSB2,YNL209W
RPL39,YJL189W
SMM1,YNR015W
APL5,YPL195W
HSC82,YMR186W
BUD31,YCR063W
ERP5,YHR110W
DYS1,YHR068W
RPC53,YDL150W
COA2,YPL189C-A
SUB1,YMR039C
SPO21,YOL091W
LYS12,YIL094C
RGR1,YLR071C
SUS1,YBR111W-A
NPL4,YBR170C
LIN1,YHR156C
ATG9,YDL149W
ANP1,YEL036C
ICP55,YER078C
RDR1,YOR380W
YAT1,YAR035W
FLC1,YPL221W
HOS1,YPR068C
PAU23,YLR037C
COS111,YBR203W
HXT6,YDR343C
IES6,YEL044W
VPS55,YJR044C
EFT2,YDR385W
UGA2,YBR006W
PAC10,YGR078C
MRPL1,YDR116C
SHE9,YDR393W
OTU1,YFL044C
SDT1,YGL224C
SAS10,YDL153C
FCY21,YER060W
CUS2,YNL286W
NOP12,YOL041C
AAD10,YJR155W
RPO31,YOR116C
DIT1,YDR403W
CTP1,YBR291C
SPC34,YKR037C
RPL3,YOR063W
NCR1,YPL006W
ABF1,YKL112W
ATG38,YLR211C
YSW1,YBR148W
OSW7,YFR039C
PHO87,YCR037C
NOP9,YJL010C
LYS9,YNR050C
RSC4,YKR008W
APL3,YBL037W
MYO5,YMR109W
SLM2,YNL047C
QCR10,YHR001W-A
GPM3,YOL056W
PCS60,YBR222C
TPK2,YPL203W
NOT3,YIL038C
ATP25,YMR098C
SYG1,YIL047C
SYM1,YLR251W
TSR4,YOL022C
MRPL50,YNR022C
ALP1,YNL270C
YCK2,YNL154C
RED1,YLR263W
VBA4,YDR119W
UBP16,YPL072W
HRT1,YOL133W
SRC1,YML034W
PSE1,YMR308C
SPR2,YOR214C
ADO1,YJR105W
RAD5,YLR032W
BCS1,YDR375C
URB2,YJR041C
CUE5,YOR042W
ECM31,YBR176W
RPS22B,YLR367W
RKM1,YPL208W
ADK2,YER170W
GEP4,YHR100C
SEC8,YPR055W
PCC1,YKR095W-A
IGD1,YFR017C
ECM33,YBR078W
AMD2,YDR242W
YJU2,YKL095W
YMD8,YML038C
ATP23,YNR020C
SPN1,YPR133C
SRY1,YKL218C
PEP5,YMR231W
MRPL39,YML009C
RPS0B,YLR048W
RIB7,YBR153W
ARD1,YHR013C
NRG1,YDR043C
THI73,YLR004C
PRP6,YBR055C
RPS27B,YHR021C
EPS1,YIL005W
BIT2,YBR270C
SPC2,YML055W
POL1,YNL102W
NIF3,YGL221C
STU1,YBL034C
ARP7,YPR034W
MCT1,YOR221C
SEC4,YFL005W
FRS2,YFL022C
SLM5,YCR024C
RTC5,YOR118W
CLB6,YGR109C
RPL17B,YJL177W
CUP9,YPL177C
ATG15,YCR068W
SCC2,YDR180W
MMM1,YLL006W
VPS4,YPR173C
NPP2,YEL016C
SEF1,YBL066C
UTP6,YDR449C
RPS14A,YCR031C
INO4,YOL108C
NSE4,YDL105W
MXR1,YER042W
SLZ1,YNL196C
SPC110,YDR356W
YNG2,YHR090C
FMS1,YMR020W
MLC2,YPR188C
RSM7,YJR113C
SRL4,YPL033C
MDM10,YAL010C
PSD2,YGR170W
ECL1,YGR146C
RSM24,YDR175C
PEX31,YGR004W
ZIM17,YNL310C
PUF4,YGL014W
INO80,YGL150C
SMX2,YFL017W-A
LOH1,YJL038C
MAE1,YKL029C
YKT6,YKL196C
SEN54,YPL083C
FDC1,YDR539W
TOM70,YNL121C
PRP24,YMR268C
PHO13,YDL236W
LAT1,YNL071W
WSC3,YOL105C
LCB1,YMR296C
BBP1,YPL255W
PRE9,YGR135W
ETT1,YOR051C
ARP1,YHR129C
SIR2,YDL042C
RPA14,YDR156W
GCD10,YNL062C
DOT1,YDR440W
FYV5,YCL058C
VMA7,YGR020C
RFA3,YJL173C
PPM1,YDR435C
DBP6,YNR038W
ELP6,YMR312W
TFC7,YOR110W
CTK2,YJL006C
YAK1,YJL141C
CDC14,YFR028C
TDH1,YJL052W
TEL1,YBL088C
PDR3,YBL005W
SFL1,YOR140W
AIM17,YHL021C
EHD3,YDR036C
DSN1,YIR010W
MOB1,YIL106W
SAF1,YBR280C
MYO4,YAL029C
FTR1,YER145C
SWC5,YBR231C
SHE1,YBL031W
KSH1,YNL024C-A
EBP2,YKL172W
WBP1,YEL002C
DIA2,YOR080W
RRN3,YKL125W
BIK1,YCL029C
KIN2,YLR096W
LSM12,YHR121W
PBN1,YCL052C
AIM2,YAL049C
SFB3,YHR098C
CAX4,YGR036C
FPR2,YDR519W
LYS5,YGL154C
FUS2,YMR232W
CLB3,YDL155W
MRT4,YKL009W
PBP1,YGR178C
RLP7,YNL002C
BRF1,YGR246C
MSD1,YPL104W
DSF1,YEL070W
MET14,YKL001C
CLB5,YPR120C
SEC18,YBR080C
NDC80,YIL144W
SRN2,YLR119W
OSH3,YHR073W
MPC3,YGR243W
DFG16,YOR030W
YCS4,YLR272C
CRF1,YDR223W
MAM1,YER106W
UBC4,YBR082C
THI74,YDR438W
PSP2,YML017W
NAR1,YNL240C
RNQ1,YCL028W
PRP18,YGR006W
RPL24A,YGL031C
CTL1,YMR180C
EMP24,YGL200C
RPS19A,YOL121C
SAM1,YLR180W
VPS16,YPL045W
PEX6,YNL329C
THI7,YLR237W
HSP12,YFL014W
PTK2,YJR059W
FAA4,YMR246W
ECM14,YHR132C
UBP9,YER098W
YAT2,YER024W
NAN1,YPL126W
SEY1,YOR165W
HEM2,YGL040C
RPS10A,YOR293W
ARV1,YLR242C
ARI1,YGL157W
AIP1,YMR092C
MAK10,YEL053C
YEF3,YLR249W
GLG1,YKR058W
NOT5,YPR072W
PHO3,YBR092C
SOF1,YLL011W
SPC98,YNL126W
CUS1,YMR240C
EMP70,YLR083C
PGS1,YCL004W
IML1,YJR138W
COS9,YKL219W
YRA1,YDR381W
FOB1,YDR110W
SLM1,YIL105C
RRN5,YLR141W
CHO2,YGR157W
VPS5,YOR069W
MTC3,YGL226W
FHN1,YGR131W
MSH5,YDL154W
MDJ1,YFL016C
LDB7,YBL006C
RCK1,YGL158W
REG2,YBR050C
TIM10,YHR005C-A
CDC48,YDL126C
ENV7,YPL236C
NUP100,YKL068W
DCV1,YFR012W
SEC5,YDR166C
ATG17,YLR423C
GIS1,YDR096W
YIP4,YGL198W
YDC1,YPL087W
PAR32,YDL173W
ISA1,YLL027W
CPR3,YML078W
KIN3,YAR018C
RRP6,YOR001W
APQ12,YIL040W
ARG82,YDR173C
CKB2,YOR039W
LIP5,YOR196C
VMA10,YHR039C-A
TOR2,YKL203C
TAF14,YPL129W
THS1,YIL078W
ERG10,YPL028W
DAL82,YNL314W
PAB1,YER165W
VCX1,YDL128W
PFS2,YNL317W
MDH1,YKL085W
BOP3,YNL042W
HSK3,YKL138C-A
NGL2,YMR285C
TRF5,YNL299W
LDB19,YOR322C
SWI4,YER111C
FRE8,YLR047C
OSH6,YKR003W
COY1,YKL179C
STP4,YDL048C
VHR1,YIL056W
TEA1,YOR337W
FUR4,YBR021W
DNF2,YDR093W
YIG1,YPL201C
TUS1,YLR425W
IDI1,YPL117C
BUD23,YCR047C
RAS1,YOR101W
SLY1,YDR189W
IDS2,YJL146W
PFS1,YHR185C
RPS13,YDR064W
UBP7,YIL156W
KAR3,YPR141C
RPS30A,YLR287C-A
KSP1,YHR082C
GUT1,YHL032C
APC4,YDR118W
PDR10,YOR328W
GAL83,YER027C
RGA2,YDR379W
ALD4,YOR374W
BDS1,YOL164W
ERV41,YML067C
TNA1,YGR260W
TPM2,YIL138C
OPT2,YPR194C
SBH2,YER019C-A
SED4,YCR067C
ACH1,YBL015W
DIM1,YPL266W
DSS4,YPR017C
ESBP6,YNL125C
ALD5,YER073W
PBY1,YBR094W
REG1,YDR028C
SNU114,YKL173W
VMA9,YCL005W-A
YNK1,YKL067W
PFA4,YOL003C
HIS6,YIL020C
HOG1,YLR113W
SYP1,YCR030C
TCO89,YPL180W
FIT3,YOR383C
HIS5,YIL116W
RSM27,YGR215W
SYH1,YPL105C
YOR1,YGR281W
GAS1,YMR307W
NBP1,YLR457C
TVP38,YKR088C
IRE1,YHR079C
ILV2,YMR108W
DUO1,YGL061C
MDV1,YJL112W
PDC6,YGR087C
CTF13,YMR094W
MTC2,YKL098W
MMF1,YIL051C
SSQ1,YLR369W
MXR2,YCL033C
TIM54,YJL054W
HDA3,YPR179C
ORC5,YNL261W
LYS14,YDR034C
AFB1,YLR040C
FRE6,YLL051C
AFG2,YLR397C
HRP1,YOL123W
GSY1,YFR015C
FSH3,YOR280C
UTR5,YEL035C
ULP2,YIL031W
SIN3,YOL004W
AIM33,YML087C
ENT2,YLR206W
TCB3,YML072C
TOM1,YDR457W
NHP6B,YBR089C-A
BFR1,YOR198C
PRP2,YNR011C
FBP1,YLR377C
URA7,YBL039C
GDE1,YPL110C
SMD3,YLR147C
SNA4,YDL123W
VPS38,YLR360W
MSA2,YKR077W
SAM35,YHR083W
TAT1,YBR069C
RGT1,YKL038W
SKY1,YMR216C
GVP36,YIL041W
YUH1,YJR099W
GMC1,YDR506C
RQC1,YDR333C
ELM1,YKL048C
ARL1,YBR164C
MAK3,YPR051W
ECM34,YHL043W
FPS1,YLL043W
ATP11,YNL315C
TRK2,YKR050W
DUT1,YBR252W
RMD8,YFR048W
HYM1,YKL189W
RCN2,YOR220W
ZRC1,YMR243C
GIS3,YLR094C
SCS3,YGL126W
VPS54,YDR027C
PRM4,YPL156C
SEH1,YGL100W
STE12,YHR084W
CDC50,YCR094W
PBI2,YNL015W
RPS6A,YPL090C
UBS1,YBR165W
GZF3,YJL110C
APL6,YGR261C
CNL1,YDR357C
DOS2,YDR068W
TPS2,YDR074W
MSH1,YHR120W
SMK1,YPR054W
MAG2,YLR427W
MRP7,YNL005C
SEN15,YMR059W
NSE3,YDR288W
RPC34,YNR003C
NFS1,YCL017C
RGD1,YBR260C
MBP1,YDL056W
SMY2,YBR172C
TRR2,YHR106W
BOI1,YBL085W
SES1,YDR023W
RPP2A,YOL039W
ARC15,YIL062C
MKC7,YDR144C
BUD27,YFL023W
ARN2,YHL047C
SOL3,YHR163W
FRE3,YOR381W
ALR2,YFL050C
COQ5,YML110C
PEX25,YPL112C
RPL26A,YLR344W
YDJ1,YNL064C
CTT1,YGR088W
SEC31,YDL195W
TIF6,YPR016C
SLX5,YDL013W
GYP6,YJL044C
SNQ2,YDR011W
LOS1,YKL205W
UBC7,YMR022W
AMS1,YGL156W
ATP19,YOL077W-A
FRS1,YLR060W
ECO1,YFR027W
STE2,YFL026W
BDF2,YDL070W
PSK2,YOL045W
SHU2,YDR078C
LSB6,YJL100W
PSR1,YLL010C
RPF2,YKR081C
SFK1,YKL051W
RPL33B,YOR234C
GTT3,YEL017W
MET22,YOL064C
SCD6,YPR129W
PHO90,YJL198W
MET2,YNL277W
TIF34,YMR146C
STL1,YDR536W
MRPL51,YPR100W
BUD20,YLR074C
PMR1,YGL167C
LSM1,YJL124C
TSR1,YDL060W
RPL14A,YKL006W
SCW11,YGL028C
RSN1,YMR266W
AFR1,YDR085C
SPS100,YHR139C
MRPL8,YJL063C
MTC5,YDR128W
ESC2,YDR363W
RPM2,YML091C
LSP1,YPL004C
YEN1,YER041W
TPO5,YKL174C
MVB12,YGR206W
MDM20,YOL076W
VMA2,YBR127C
RSE1,YML049C
NDE1,YMR145C
ASG1,YIL130W
CSG2,YBR036C
TVP23,YDR084C
MNL1,YHR204W
YHC3,YJL059W
ATP3,YBR039W
STD1,YOR047C
UAF30,YOR295W
OPY1,YBR129C
ERV14,YGL054C
RGT2,YDL138W
SUN4,YNL066W
PMT4,YJR143C
SHQ1,YIL104C
DUN1,YDL101C
CIN5,YOR028C
SKM1,YOL113W
MMS2,YGL087C
SRP102,YKL154W
TFS1,YLR178C
RAT1,YOR048C
HRD3,YLR207W
BUD22,YMR014W
ALG13,YGL047W
RTT102,YGR275W
RSA4,YCR072C
ARG7,YMR062C
YEF1,YEL041W
SIR4,YDR227W
TCD2,YKL027W
NIT1,YIL164C
MCM4,YPR019W
YAP1,YML007W
THP2,YHR167W
DLD3,YEL071W
AMD1,YML035C
RTP1,YMR185W
SWP1,YMR149W
SST2,YLR452C
OAF1,YAL051W
GCN2,YDR283C
HIR3,YJR140C
PAU7,YAR020C
NUP145,YGL092W
ROX1,YPR065W
MEK1,YOR351C
TIR3,YIL011W
ADE12,YNL220W
DRN1,YGR093W
OST4,YDL232W
STP3,YLR375W
NIC96,YFR002W
GYP7,YDL234C
SIP4,YJL089W
HAA1,YPR008W
SAM2,YDR502C
RPL9B,YNL067W
MIS1,YBR084W
HMT1,YBR034C
VPS53,YJL029C
RPN2,YIL075C
CPR4,YCR069W
RPT4,YOR259C
TIM12,YBR091C
MRN1,YPL184C
PTR2,YKR093W
HEL1,YKR017C
RPL23B,YER117W
RNH202,YDR279W
SSA2,YLL024C
REH1,YLR387C
EDC3,YEL015W
BDH2,YAL061W
PER33,YLR064W
POP4,YBR257W
RIB3,YDR487C
PSY2,YNL201C
SNX3,YOR357C
TRP1,YDR007W
MSL1,YIR009W
SOD2,YHR008C
CKA1,YIL035C
KXD1,YGL079W
QDR3,YBR043C
NSI1,YDR026C
ECM38,YLR299W
GET3,YDL100C
MUK1,YPL070W
RRT6,YGL146C
GWT1,YJL091C
ADD66,YKL206C
HOF1,YMR032W
IGO2,YHR132W-A
TPO2,YGR138C
MRPL9,YGR220C
SSC1,YJR045C
RAD9,YDR217C
POL32,YJR043C
EPT1,YHR123W
SPS19,YNL202W
RPS21B,YJL136C
NOP10,YHR072W-A
ABM1,YJR108W
APE4,YHR113W
ATG26,YLR189C
PLB1,YMR008C
UBP8,YMR223W
BCK1,YJL095W
TMS1,YDR105C
EGD2,YHR193C
RAD10,YML095C
KAR4,YCL055W
YAP1802,YGR241C
SSN8,YNL025C
HES1,YOR237W
IST3,YIR005W
MOT1,YPL082C
PET309,YLR067C
ERF2,YLR246W
MRF1,YGL143C
ASM4,YDL088C
VAC17,YCL063W
YSC83,YHR017W
RMT2,YDR465C
LAS1,YKR063C
MKS1,YNL076W
SHP1,YBL058W
INO2,YDR123C
AQY1,YPR192W
TKL1,YPR074C
IKS1,YJL057C
PIL1,YGR086C
AFG3,YER017C
NHP2,YDL208W
RNA15,YGL044C
FIP1,YJR093C
USO1,YDL058W
KRE29,YER038C
UBC13,YDR092W
OCA5,YHL029C
LST7,YGR057C
NAB2,YGL122C
SRB4,YER022W
FAB1,YFR019W
SDH8,YBR269C
PDS5,YMR076C
STE6,YKL209C
MSN5,YDR335W
PRP22,YER013W
RPB7,YDR404C
FUB1,YCR076C
YEA4,YEL004W
LAP3,YNL239W
CSE4,YKL049C
MSN2,YMR037C
SGV1,YPR161C
HOC1,YJR075W
OCH1,YGL038C
DDC1,YPL194W
ERG20,YJL167W
RFS1,YBR052C
BTN2,YGR142W
POM33,YLL023C
CSR1,YLR380W
ECM10,YEL030W
EAF6,YJR082C
MSC6,YOR354C
MSM1,YGR171C
ISW1,YBR245C
VPS3,YDR495C
PPH21,YDL134C
CIN4,YMR138W
RPL12A,YEL054C
PHO2,YDL106C
SYN8,YAL014C
YEH1,YLL012W
ALG11,YNL048W
DER1,YBR201W
KEL3,YPL263C
KRE2,YDR483W
URH1,YDR400W
RTR1,YER139C
ATG34,YOL083W
POL31,YJR006W
YRM1,YOR172W
RSC8,YFR037C
MSS2,YDL107W
RNR4,YGR180C
TYW1,YPL207W
RPL4B,YDR012W
MGS1,YNL218W
RPA12,YJR063W
RHO4,YKR055W
MGR3,YMR115W
PRP28,YDR243C
GLY1,YEL046C
YEL1,YBL060W
SAP30,YMR263W
SAP155,YFR040W
FCP1,YMR277W
SPE2,YOL052C
HAM1,YJR069C
CDC15,YAR019C
PER1,YCR044C
ELP2,YGR200C
IQG1,YPL242C
VAS1,YGR094W
MET8,YBR213W
PRP45,YAL032C
SAP190,YKR028W
SME1,YOR159C
NSA1,YGL111W
RNR1,YER070W
MRP17,YKL003C
MAS1,YLR163C
SSS1,YDR086C
RRT12,YCR045C
YCP4,YCR004C
SSH4,YKL124W
MPP10,YJR002W
GIP3,YPL137C
UBP3,YER151C
MAM3,YOL060C
BAP2,YBR068C
NDL1,YLR254C
IMG1,YCR046C
TSR3,YOR006C
TAT2,YOL020W
STE50,YCL032W
CSI1,YMR025W
CEX1,YOR112W
OSH2,YDL019C
ADE1,YAR015W
AST2,YER101C
MRPL28,YDR462W
MSH3,YCR092C
RPS12,YOR369C
YTP1,YNL237W
URA8,YJR103W
YET3,YDL072C
DUS4,YLR405W
SMC5,YOL034W
PCK1,YKR097W
PUP2,YGR253C
APL2,YKL135C
AGE1,YDR524C
SLT2,YHR030C
HAL5,YJL165C
CDD1,YLR245C
NUP57,YGR119C
PAC2,YER007W
HNM1,YGL077C
SWA2,YDR320C
RSF1,YMR030W
MRPL7,YDR237W
DAK1,YML070W
SEC23,YPR181C
GPI15,YNL038W
MRPL6,YHR147C
CAK1,YFL029C
KNH1,YDL049C
RPL23A,YBL087C
UPF3,YGR072W
RIF2,YLR453C
CLN1,YMR199W
STF1,YDL130W-A
SRP1,YNL189W
SCC4,YER147C
CCE1,YKL011C
CYK3,YDL117W
MAG1,YER142C
PIG2,YIL045W
TDA2,YER071C
RPL7A,YGL076C
SEC65,YML105C
DUR3,YHL016C
UGA4,YDL210W
MRP4,YHL004W
RTN2,YDL204W
NAT3,YPR131C
SPC24,YMR117C
HXT13,YEL069C
MOH1,YBL049W
PSK1,YAL017W
SRL3,YKR091W
SWC7,YLR385C
TRM2,YKR056W
HXT3,YDR345C
PEX2,YJL210W
RIM20,YOR275C
TIF1,YKR059W
PRE4,YFR050C
MRPL16,YBL038W
RPL43A,YPR043W
SNA2,YDR525W-A
GPB1,YOR371C
RPS17A,YML024W
VMA11,YPL234C
HLR1,YDR528W
PIN2,YOR104W
GDT1,YBR187W
APJ1,YNL077W
ARF1,YDL192W
TRS85,YDR108W
RPS29A,YLR388W
MMT2,YPL224C
CNB1,YKL190W
RPC37,YKR025W
SCS22,YBL091C-A
APS3,YJL024C
BFA1,YJR053W
ECM3,YOR092W
YKE4,YIL023C
CMK1,YFR014C
MEI5,YPL121C
RAD7,YJR052W
RET2,YFR051C
BUB3,YOR026W
HSP26,YBR072W
ARG2,YJL071W
NAT4,YMR069W
RMD1,YDL001W
NUP192,YJL039C
YHI9,YHR029C
SAD1,YFR005C
YOS1,YER074W-A
MAK11,YKL021C
RAD52,YML032C
LDH1,YBR204C
GPI16,YHR188C
ASI2,YNL159C
APE3,YBR286W
CRS5,YOR031W
PKH3,YDR466W
SUV3,YPL029W
RVS167,YDR388W
GDI1,YER136W
NUP188,YML103C
ADR1,YDR216W
ASR1,YPR093C
CMP2,YML057W
RKI1,YOR095C
MEC3,YLR288C
PET9,YBL030C
YCT1,YLL055W
KAR1,YNL188W
RPS5,YJR123W
RNA1,YMR235C
IPI1,YHR085W
TRM3,YDL112W
UTP7,YER082C
BIO2,YGR286C
NAM8,YHR086W
MZM1,YDR493W
MPP6,YNR024W
ARL3,YPL051W
PLN1,YKR046C
HAT1,YPL001W
SEC26,YDR238C
CSM4,YPL200W
ACO1,YLR304C
RNH201,YNL072W
SLM4,YBR077C
RSP5,YER125W
DPH6,YLR143W
NRK1,YNL129W
RPL36B,YPL249C-A
HRI1,YLR301W
HEM1,YDR232W
PEX8,YGR077C
ADE2,YOR128C
MAL33,YBR297W
MTW1,YAL034W-A
YPT32,YGL210W
VAM6,YDL077C
HTS1,YPR033C
ERG8,YMR220W
FET5,YFL041W
ERV2,YPR037C
ABZ2,YMR289W
RFC1,YOR217W
GEP7,YGL057C
DBP1,YPL119C
RTK1,YDL025C
STR2,YJR130C
NHX1,YDR456W
MSS1,YMR023C
SPG5,YMR191W
SNN1,YNL086W
PEP3,YLR148W
ALG6,YOR002W
CUE2,YKL090W
XRN1,YGL173C
MUD1,YBR119W
PYC2,YBR218C
PBP4,YDL053C
SNF3,YDL194W
RAM1,YDL090C
PLB2,YMR006C
BUD6,YLR319C
MIM2,YLR099W-A
NEL1,YHR035W
ATP1,YBL099W
SIP18,YMR175W
CDC27,YBL084C
SPT8,YLR055C
BRE4,YDL231C
PET123,YOR158W
NVJ1,YHR195W
TTI1,YKL033W
HOM2,YDR158W
BUD16,YEL029C
BIR1,YJR089W
PIK1,YNL267W
SGF11,YPL047W
BRE2,YLR015W
MET3,YJR010W
LYS21,YDL131W
RTG1,YOL067C
MIC27,YNL100W
DOG2,YHR043C
LEU1,YGL009C
JID1,YPR061C
MYO1,YHR023W
SNP1,YIL061C
ACS2,YLR153C
SAM37,YMR060C
BEM3,YPL115C
ARR3,YPR201W
LRO1,YNR008W
SMP3,YOR149C
SHU1,YHL006C
ALD6,YPL061W
CTK3,YML112W
RRM3,YHR031C
MUD2,YKL074C
SSK22,YCR073C
CTA1,YDR256C
SPG1,YGR236C
ANT1,YPR128C
ARX1,YDR101C
MRPL32,YCR003W
PSR2,YLR019W
SAS3,YBL052C
MRPS5,YBR251W
YSP2,YDR326C
SPG4,YMR107W
TRM5,YHR070W
NNK1,YKL171W
AME1,YBR211C
ADE57,YGL234W
MHO1,YJR008W
IMD4,YML056C
SET5,YHR207C
RSB1,YOR049C
ITR2,YOL103W
SHR5,YOL110W
CTF4,YPR135W
NEM1,YHR004C
IPI3,YNL182C
GPI17,YDR434W
RCM1,YNL022C
PRP21,YJL203W
MLH1,YMR167W
BOS1,YLR078C
TRL1,YJL087C
END3,YNL084C
CYC1,YJR048W
NNF1,YJR112W
ERG7,YHR072W
SPO20,YMR017W
RRG7,YOR305W
DOA4,YDR069C
GRC3,YLL035W
SSE2,YBR169C
VMA13,YPR036W
GIT1,YCR098C
PPS1,YBR276C
COM2,YER130C
GTO3,YMR251W
NUP170,YBL079W
RVB2,YPL235W
AZR1,YGR224W
ULA1,YPL003W
MAC1,YMR021C
GGA1,YDR358W
UPS1,YLR193C
ROG1,YGL144C
ECM23,YPL021W
RAD57,YDR004W
IKI1,YHR187W
THI6,YPL214C
DOM34,YNL001W
RMD9,YGL107C
FRE1,YLR214W
MDM30,YLR368W
IML3,YBR107C
IRA1,YBR140C
LSM8,YJR022W
DDI1,YER143W
UTP13,YLR222C
SXM1,YDR395W
HOP2,YGL033W
TDA8,YAL064C-A
MTO1,YGL236C
ELO3,YLR372W
TDA6,YPR157W
RPL24B,YGR148C
SED5,YLR026C
UPS3,YDR185C
MRPS12,YNR036C
TIF11,YMR260C
DNA2,YHR164C
ATO2,YNR002C
ATP7,YKL016C
PAF1,YBR279W
ABP1,YCR088W
SNT1,YCR033W
MLP2,YIL149C
SYS1,YJL004C
KIP1,YBL063W
NIP100,YPL174C
HAT2,YEL056W
ERO1,YML130C
ATG14,YBR128C
SEC24,YIL109C
GLE1,YDL207W
LAG1,YHL003C
SCP1,YOR367W
SGT1,YOR057W
PCA1,YBR295W
SNF11,YDR073W
PMI40,YER003C
SPR6,YER115C
VBA2,YBR293W
NIP1,YMR309C
CUE1,YMR264W
COQ8,YGL119W
RCR2,YDR003W
AAD3,YCR107W
MMS21,YEL019C
RRP8,YDR083W
ATR1,YML116W
NUM1,YDR150W
DIA4,YHR011W
BUD9,YGR041W
PEX15,YOL044W
PTP3,YER075C
PLP2,YOR281C
PRE8,YML092C
DAP1,YPL170W
SGN1,YIR001C
TIF2,YJL138C
AIM26,YKL037W
PHO85,YPL031C
MUM3,YOR298W
PHO5,YBR093C
ADH5,YBR145W
TFC1,YBR123C
BOL2,YGL220W
ZRT3,YKL175W
MON1,YGL124C
FSH1,YHR049W
RPL34B,YIL052C
COX18,YGR062C
SRV2,YNL138W
HOS3,YPL116W
RPL42B,YHR141C
RSM26,YJR101W
MFB1,YDR219C
SLD5,YDR489W
MCM6,YGL201C
PUF6,YDR496C
ECM2,YBR065C
PRR1,YKL116C
IGO1,YNL157W
STH1,YIL126W
AIM6,YDL237W
IRC8,YJL051W
LYS2,YBR115C
NUP60,YAR002W
NUF2,YOL069W
BUD21,YOR078W
MCD4,YKL165C
ENP1,YBR247C
RPC17,YJL011C
RPB11,YOL005C
TYS1,YGR185C
DOC1,YGL240W
ELC1,YPL046C
ECM19,YLR390W
AIM24,YJR080C
ECI1,YLR284C
TOK1,YJL093C
CDC7,YDL017W
NMA2,YGR010W
ATG12,YBR217W
SIT1,YEL065W
CST6,YIL036W
MRPL23,YOR150W
HSP31,YDR533C
RPN8,YOR261C
EMC1,YCL045C
SMC6,YLR383W
LYS4,YDR234W
MPT5,YGL178W
MSO1,YNR049C
DSF2,YBR007C
SAL1,YNL083W
APM2,YHL019C
GAL3,YDR009W
BUD13,YGL174W
TFG2,YGR005C
RBG1,YAL036C
IES3,YLR052W
AIM3,YBR108W
TIR1,YER011W
INP52,YNL106C
SED1,YDR077W
CMK2,YOL016C
PDR18,YNR070W
UTP21,YLR409C
MTC6,YHR151C
DID4,YKL002W
HSP104,YLL026W
URB1,YKL014C
SEC22,YLR268W
NOP7,YGR103W
COT1,YOR316C
NCA2,YPR155C
SRB8,YCR081W
STT4,YLR305C
RRD1,YIL153W
GIR2,YDR152W
EST3,YIL009C-A
STE7,YDL159W
JHD1,YER051W
UBA1,YKL210W
SCM4,YGR049W
FIR1,YER032W
EDC2,YER035W
URA3,YEL021W
ZRT2,YLR130C
FUS3,YBL016W
STT3,YGL022W
ULP1,YPL020C
MCD1,YDL003W
GFD1,YMR255W
GRH1,YDR517W
ALT2,YDR111C
VPS17,YOR132W
XBP1,YIL101C
HIR1,YBL008W
TMT1,YER175C
DAS1,YJL149W
WSC2,YNL283C
ATP2,YJR121W
TRM12,YML005W
ATG27,YJL178C
PPX1,YHR201C
ATF2,YGR177C
CAF20,YOR276W
OPI1,YHL020C
TOS2,YGR221C
SPE1,YKL184W
MNN2,YBR015C
MRPL15,YLR312W-A
NFT1,YKR103W
PTI1,YGR156W
KTR2,YKR061W
STS1,YIR011C
KEX1,YGL203C
EXO1,YOR033C
EMP65,YER140W
ERG24,YNL280C
TRM13,YOL125W
BOL3,YAL046C
ADY2,YCR010C
PMT2,YAL023C
COX14,YML129C
IRC19,YLL033W
OCA4,YCR095C
IMP2,YMR035W
COQ2,YNR041C
DSS1,YMR287C
PIP2,YOR363C
RLM1,YPL089C
GBP2,YCL011C
KRR1,YCL059C
BNA5,YLR231C
RRP12,YPL012W
HIR2,YOR038C
CNN1,YFR046C
ENO1,YGR254W
RCE1,YMR274C
SMF2,YHR050W
YBP2,YGL060W
RPL38,YLR325C
MCM1,YMR043W
FYV7,YLR068W
SMC2,YFR031C
LCL1,YPL056C
AEP1,YMR064W
TFG1,YGR186W
SDS24,YBR214W
ERP4,YOR016C
PCF11,YDR228C
PGA2,YNL149C
KGD1,YIL125W
CUZ1,YNL155W
PET54,YGR222W
PEX11,YOL147C
SKP2,YNL311C
STE24,YJR117W
PEX7,YDR142C
RRI1,YDL216C
DIG1,YPL049C
PDA1,YER178W
BPT1,YLL015W
PNT1,YOR266W
MLP1,YKR095W
DFG5,YMR238W
RPL20B,YOR312C
YIF1,YNL263C
AST1,YBL069W
TIM23,YNR017W
SFH1,YLR321C
MCM5,YLR274W
CTS1,YLR286C
RNH1,YMR234W
CDC12,YHR107C
ATM1,YMR301C
SEO1,YAL067C
BPL1,YDL141W
PIB2,YGL023C
SWT21,YNL187W
THI22,YPR121W
ARF2,YDL137W
PFF1,YBR074W
PRM8,YGL053W
ATG5,YPL149W
EAF7,YNL136W
CIT1,YNR001C
SAS2,YMR127C
FOL1,YNL256W
SFT1,YKL006C-A
RSA1,YPL193W
LEU9,YOR108W
VPS75,YNL246W
ASA1,YPR085C
VTA1,YLR181C
MDM1,YML104C
LSM2,YBL026W
MIX14,YDR031W
HOM6,YJR139C
PDC5,YLR134W
MID1,YNL291C
FET3,YMR058W
RAD6,YGL058W
CHA4,YLR098C
MIA40,YKL195W
YMC2,YBR104W
PCL7,YIL050W
GLO4,YOR040W
TTI2,YJR136C
PHA2,YNL316C
HPC2,YBR215W
ODC2,YOR222W
MRPS18,YNL306W
PEP12,YOR036W
GRS1,YBR121C
LYS1,YIR034C
YAP7,YOL028C
RRG8,YPR116W
TRI1,YMR233W
HVG1,YER039C
KRE6,YPR159W
TIM8,YJR135W-A
ATS1,YAL020C
SSE1,YPL106C
CBT1,YKL208W
POR2,YIL114C
ROK1,YGL171W
RCF1,YML030W
RAD24,YER173W
RGD2,YFL047W
BLS1,YLR408C
SNA3,YJL151C
NCS2,YNL119W
YCH1,YGR203W
APA2,YDR530C
MRP20,YDR405W
SBH1,YER087C-B
PZF1,YPR186C
AIM9,YER080W
TPK1,YJL164C
DSC3,YOR223W
BNA3,YJL060W
MEH1,YKR007W
EIS1,YMR031C
ZRG17,YNR039C
GEA1,YJR031C
CYS4,YGR155W
LAC1,YKL008C
ENP2,YGR145W
SPS4,YOR313C
TUB2,YFL037W
COG3,YER157W
NAP1,YKR048C
PHS1,YJL097W
DAT1,YML113W
ARO8,YGL202W
MRPS16,YPL013C
PEX29,YDR479C
THI4,YGR144W
ETR1,YBR026C
KTI12,YKL110C
SPR3,YGR059W
MRPL19,YNL185C
RIM4,YHL024W
DGR1,YNL130C-A
ADE4,YMR300C
PUS9,YDL036C
COX19,YLL018C-A
SNF5,YBR289W
CDC39,YCR093W
RDL1,YOR285W
RPT1,YKL145W
CIA1,YDR267C
MRH1,YDR033W
NPY1,YGL067W
IXR1,YKL032C
ATG3,YNR007C
RBL2,YOR265W
ART10,YLR392C
PUT4,YOR348C
RRS1,YOR294W
RPO21,YDL140C
HIS2,YFR025C
OLE1,YGL055W
RPL27A,YHR010W
AFG1,YEL052W
SPF1,YEL031W
GPX2,YBR244W
FMP52,YER004W
PTC1,YDL006W
SSZ1,YHR064C
TOG1,YER184C
SFP1,YLR403W
COA3,YJL062W-A
ADD37,YMR184W
PXA2,YKL188C
SIL1,YOL031C
IES2,YNL215W
EXO70,YJL085W
FMP40,YPL222W
PWP2,YCR057C
YAF9,YNL107W
PUS4,YNL292W
PNO1,YOR145C
BSC6,YOL137W
ECM1,YAL059W
MIC26,YGR235C
CBR1,YIL043C
FLO11,YIR019C
MKT1,YNL085W
PAM16,YJL104W
SCH9,YHR205W
ZPS1,YOL154W
RPL31A,YDL075W
RPC40,YPR110C
NEJ1,YLR265C
LTV1,YKL143W
ARF3,YOR094W
HRR25,YPL204W
TRS33,YOR115C
RPS25A,YGR027C
ARO80,YDR421W
RTC6,YPL183W-A
AIM10,YER087W
NQM1,YGR043C
